Năm sinh,Giới tính,Điểm đầu vào,"Độ hài lòng với trường (0,1)","Bệnh trầm cảm (0,1)","Tăng giảm chú ý (0,1)","Hoàn cảnh gia đình (0-Nghèo,1-Trung lưu,2-Khá giả)",Điểm TB HK1 (hệ 10),Điểm TB HK1 (hệ 4),Tín chỉ đăng ký HK1,Tín chỉ rớt HK1,Số môn rớt HK1,Xếp loại học lực,Cảnh báo học tập (0/1),prediction_proba,prediction
1998,0,24.47,0,1,0,1,5.0,2.0,28,26,9,2,1,0.7630736,1
1998,2,27.92,0,1,0,2,4.35,3.67,31,15,5,5,1,0.69000983,1
1998,0,14.78,1,1,0,1,7.31,2.38,27,5,2,1,0,0.32162294,0
1998,2,27.29,0,0,0,0,4.48,3.35,27,7,2,5,1,0.5678148,1
1998,0,18.54,1,1,0,1,6.86,2.43,26,4,1,1,0,0.3075238,0
1998,0,19.93,1,1,0,2,5.66,2.01,22,5,2,2,0,0.3902084,0
1998,0,25.62,1,0,1,2,5.06,2.36,35,28,9,2,1,0.838694,1
1998,0,23.33,0,1,1,0,8.89,2.53,36,14,5,0,1,0.47603697,0
1998,2,24.48,0,1,1,0,7.63,2.22,31,5,2,1,0,0.33395186,0
1998,0,13.64,1,0,0,0,7.14,3.08,26,13,4,1,1,0.4756708,0
1998,0,23.33,0,1,0,0,4.98,3.32,22,16,5,5,1,0.68417716,1
1998,0,21.93,0,0,0,0,4.31,2.3,30,4,1,5,1,0.4745696,0
1998,2,12.73,1,0,1,2,6.39,3.35,23,8,3,2,0,0.40755725,0
1998,2,27.58,1,0,0,1,6.9,3.38,35,25,8,1,1,0.79020375,1
1998,2,27.5,1,0,1,0,6.3,2.73,26,4,1,2,0,0.39514253,0
1998,2,12.35,0,0,0,0,4.43,2.51,26,20,7,5,1,0.71671474,1
1998,0,24.33,0,0,0,0,9.27,2.94,35,0,0,4,0,0.39292464,0
1998,0,19.22,0,0,1,1,5.11,1.42,32,31,10,2,1,0.81624556,1
1998,2,23.1,0,0,0,2,4.27,2.75,36,12,4,5,1,0.6259819,1
1998,0,22.89,0,0,1,0,5.78,1.28,37,0,0,2,0,0.28351748,0
1998,0,16.39,1,1,0,2,9.69,3.9,27,17,6,4,1,0.66595525,1
1998,2,12.5,1,1,1,2,8.02,3.21,35,3,1,0,0,0.24377866,0
1998,2,24.43,0,0,1,2,4.59,1.58,26,4,1,5,1,0.47709563,0
1998,0,19.7,1,0,1,0,8.07,2.82,39,18,6,0,1,0.5931677,1
1998,0,19.69,1,0,0,0,8.82,2.23,31,5,2,0,0,0.33367097,0
1998,2,12.53,0,0,1,0,4.95,3.57,30,25,8,5,1,0.7677891,1
1998,2,14.12,0,1,1,0,9.44,3.06,21,16,5,4,1,0.5965302,1
1998,2,21.08,0,0,1,2,9.95,1.94,25,14,5,4,1,0.63607144,1
1998,0,23.03,0,0,1,1,5.25,1.18,24,10,3,2,0,0.46760863,0
1998,2,14.68,1,1,1,0,6.9,2.23,27,23,8,1,1,0.65386,1
1998,2,23.3,1,1,0,2,7.56,3.3,29,23,8,1,1,0.7072613,1
1998,0,23.34,1,0,1,1,7.42,3.18,28,1,0,1,0,0.29219276,0
1998,2,24.83,1,0,0,1,4.15,1.68,27,1,0,5,1,0.46942163,0
1998,2,19.24,0,0,1,2,8.78,1.82,21,10,3,0,0,0.35939547,0
1998,0,20.42,1,1,0,2,7.66,2.0,27,14,5,1,1,0.51652014,1
1998,2,13.31,1,1,1,2,4.8,3.67,31,22,7,5,1,0.72885484,1
1998,0,14.91,0,0,1,1,5.71,1.55,25,18,6,2,1,0.60386425,1
1998,0,22.54,0,1,0,2,4.14,1.97,21,4,1,5,1,0.46091136,0
1998,0,19.97,1,1,0,1,7.51,1.77,36,30,10,1,1,0.79940987,1
1998,2,23.51,1,0,1,2,5.05,1.4,31,27,9,2,1,0.81030345,1
1998,2,13.16,1,0,1,2,9.38,3.3,31,9,3,4,0,0.4703566,0
1998,0,12.49,0,1,0,1,5.18,1.34,36,25,8,2,1,0.6662967,1
1998,2,19.02,0,0,1,1,5.19,1.4,27,2,1,2,0,0.30665323,0
1998,2,21.97,0,1,0,0,7.11,2.95,35,7,2,1,0,0.36002693,0
1998,2,22.1,0,0,1,2,5.28,3.6,27,8,3,2,0,0.44227755,0
1998,0,18.26,0,0,1,1,8.32,2.02,39,36,12,0,1,0.83783937,1
1998,0,27.51,0,0,0,0,5.72,3.99,26,15,5,2,1,0.64071083,1
1998,2,17.2,0,1,1,0,5.39,3.79,26,4,1,2,0,0.3159005,0
1998,0,27.52,0,1,1,1,5.32,3.18,30,15,5,2,1,0.5952009,1
1998,0,19.26,1,0,1,0,4.83,3.51,28,19,6,5,1,0.741786,1
1998,0,23.31,0,1,0,1,9.86,3.74,35,7,2,4,0,0.49037364,0
1998,2,12.59,0,0,1,2,5.82,2.09,21,3,1,2,0,0.29896882,0
1998,2,22.62,1,1,0,0,8.6,3.1,30,13,4,0,1,0.46686262,0
1998,0,13.79,0,1,0,1,7.45,1.93,26,24,8,1,1,0.638559,1
1998,0,16.32,0,0,0,0,5.24,2.58,23,11,4,2,1,0.46335888,0
1998,0,19.24,0,0,0,0,5.39,3.05,24,16,5,2,1,0.57181036,1
1998,2,20.12,1,0,0,0,5.19,1.8,38,16,5,2,1,0.6054156,1
1998,2,22.23,0,0,0,1,5.1,3.67,28,8,3,2,0,0.45456657,0
1998,0,19.28,0,0,1,0,6.26,2.38,25,21,7,2,1,0.67695,1
1998,0,22.77,0,1,1,0,5.81,2.65,38,25,8,2,1,0.7256743,1
1998,2,13.5,0,0,0,1,9.14,1.31,25,25,8,4,1,0.7480948,1
1998,0,19.1,1,0,0,0,4.88,3.46,24,20,7,5,1,0.77107847,1
1998,0,22.93,0,0,0,1,7.87,2.64,25,10,3,1,0,0.4405378,0
1998,0,19.95,0,1,0,2,7.06,1.27,37,27,9,1,1,0.7371005,1
1998,2,24.52,1,1,0,2,9.24,2.88,21,1,0,4,0,0.42694348,0
1998,2,26.06,0,1,0,1,8.3,3.03,23,5,2,0,0,0.3278435,0
1998,0,18.97,0,1,1,1,5.14,3.89,20,11,4,2,1,0.4785652,0
1998,2,25.09,0,0,0,1,8.32,2.89,33,25,8,0,1,0.7412381,1
1998,2,15.8,0,0,0,2,8.18,3.24,38,23,8,0,1,0.663165,1
1998,0,13.17,1,0,0,2,8.35,2.92,34,2,1,0,0,0.2548709,0
1998,2,25.81,0,1,1,0,8.07,3.14,20,10,3,0,0,0.37525752,0
1998,2,18.38,1,1,1,0,8.65,1.43,38,11,4,0,1,0.39557403,0
1998,2,21.73,1,0,1,1,4.06,3.74,35,1,0,5,1,0.40390608,0
1998,2,16.11,1,1,0,2,6.49,3.75,30,20,7,2,1,0.6409126,1
1998,0,16.56,0,1,1,2,6.53,1.8,32,32,11,1,1,0.7972018,1
1998,2,16.92,0,0,0,0,8.71,3.69,24,6,2,0,0,0.2972771,0
1998,0,22.9,0,1,1,2,7.58,1.56,25,18,6,1,1,0.581765,1
1998,0,21.08,0,1,0,1,4.33,2.27,33,5,2,5,1,0.49260065,0
1998,0,24.9,0,1,1,2,4.0,2.93,30,30,10,5,1,0.8558872,1
1998,0,17.65,0,1,0,1,7.73,2.37,28,14,5,1,1,0.47211355,0
1998,0,19.23,0,1,0,2,6.35,3.96,30,0,0,2,0,0.265121,0
1998,2,21.71,1,0,1,0,8.67,2.29,26,12,4,0,1,0.44709423,0
1998,0,15.07,1,0,1,0,5.4,1.71,23,0,0,2,0,0.30474094,0
1998,2,17.19,0,0,1,0,4.36,3.9,21,5,2,5,1,0.48098028,0
1998,2,27.91,1,1,0,1,5.92,3.39,33,22,7,2,1,0.7388283,1
1998,2,23.69,0,1,1,0,4.73,3.89,30,12,4,5,1,0.64164686,1
1998,0,14.8,0,0,0,2,5.14,3.45,36,33,11,2,1,0.8377773,1
1998,0,20.57,1,1,0,1,4.47,2.03,30,2,1,5,1,0.4652159,0
1998,2,25.47,1,0,1,1,5.71,3.53,36,21,7,2,1,0.7439952,1
1998,2,25.22,0,1,1,2,8.15,2.91,33,25,8,0,1,0.7009536,1
1998,0,19.16,0,0,0,2,4.24,2.81,37,7,2,5,1,0.5047809,1
1998,0,13.29,0,0,0,1,5.15,3.29,26,15,5,2,1,0.5331799,1
1998,2,22.26,1,0,1,2,8.85,2.55,21,15,5,0,1,0.53588426,1
1998,0,14.8,1,1,1,2,8.89,2.77,23,22,7,0,1,0.5798491,1
1998,0,20.04,0,1,0,0,6.29,1.63,32,4,1,2,0,0.32330704,0
1998,0,27.41,1,0,1,0,8.18,3.01,28,11,4,0,1,0.4948954,0
1998,0,20.79,1,0,0,0,6.18,2.34,22,4,1,2,0,0.38842142,0
1998,2,12.93,0,1,0,1,5.44,1.58,25,17,6,2,1,0.5354085,1
1998,0,13.62,1,0,0,2,4.74,1.39,28,9,3,5,1,0.5699057,1
1998,2,18.82,0,0,0,0,7.21,3.13,31,26,9,1,1,0.75297844,1
1998,2,19.2,1,1,0,2,9.5,1.25,27,14,5,4,1,0.59864855,1
1998,0,25.24,1,1,0,2,6.03,2.76,37,37,12,2,1,0.8813731,1
1998,0,24.31,1,0,0,0,8.43,3.9,29,19,6,0,1,0.6537091,1
1998,0,12.31,0,1,1,2,5.54,3.15,26,9,3,2,0,0.40699288,0
1998,0,12.19,1,1,0,0,6.05,1.99,28,23,8,2,1,0.67487514,1
1998,0,27.35,0,0,1,0,6.11,3.2,20,14,5,2,1,0.606873,1
1998,0,13.76,0,1,1,2,7.41,1.64,26,9,3,1,0,0.35904256,0
1998,0,19.27,1,0,1,2,8.87,1.84,39,19,6,0,1,0.59717333,1
1998,2,25.51,0,0,1,1,6.05,2.23,20,12,4,2,1,0.537141,1
1998,2,14.4,0,1,1,2,6.18,3.64,24,3,1,2,0,0.29282844,0
1998,2,18.31,1,0,1,2,8.83,3.04,32,22,7,0,1,0.6259099,1
1998,2,27.29,0,1,1,2,6.41,3.37,21,13,4,2,1,0.5366684,1
1998,2,23.01,1,1,1,1,8.49,2.87,30,9,3,0,0,0.3654506,0
1998,0,20.29,1,0,0,2,9.74,3.81,30,30,10,4,1,0.8541076,1
1998,2,23.46,1,1,0,2,6.68,3.86,23,22,7,1,1,0.6730534,1
1998,0,27.49,0,0,1,1,4.41,1.22,37,15,5,5,1,0.6767198,1
1998,0,18.11,1,0,0,1,8.89,2.46,27,23,8,0,1,0.70184124,1
1998,2,12.67,0,0,1,0,4.53,3.89,25,6,2,5,1,0.46442068,0
1998,2,17.41,1,0,0,2,4.25,1.4,38,16,5,5,1,0.65976596,1
1998,2,17.95,0,0,0,1,9.15,1.27,25,8,3,4,0,0.4939958,0
1998,2,21.81,0,0,0,1,9.72,3.57,34,3,1,4,0,0.42214543,0
1998,2,20.09,1,1,0,1,8.83,3.85,28,20,7,0,1,0.6097081,1
1998,2,23.72,1,1,0,1,4.51,2.18,21,8,3,5,1,0.57628465,1
1998,0,21.04,0,1,1,1,7.35,3.54,20,15,5,1,1,0.5132824,1
1998,0,22.18,0,1,1,0,9.54,2.0,23,16,5,4,1,0.63366973,1
1998,2,24.18,1,1,1,0,7.01,2.48,22,5,2,1,0,0.3588515,0
1998,0,14.56,0,0,1,0,5.97,2.72,29,2,1,2,0,0.30632883,0
1998,0,23.93,0,1,0,0,5.44,1.77,27,2,1,2,0,0.323662,0
1998,0,17.89,1,0,1,2,8.61,3.28,38,24,8,0,1,0.7031765,1
1998,2,17.23,0,1,0,0,4.37,1.62,27,23,8,5,1,0.7528416,1
1998,2,27.94,0,0,0,1,4.32,3.33,31,1,0,5,1,0.45477578,0
1998,0,18.26,0,0,1,1,5.57,3.56,28,4,1,2,0,0.3358975,0
1998,0,16.32,0,1,0,0,7.78,3.11,35,26,9,1,1,0.71309817,1
1998,2,17.35,0,1,1,1,5.91,1.16,32,5,2,2,0,0.34463543,0
1998,2,24.56,0,1,0,1,9.55,1.34,28,5,2,4,0,0.45336464,0
1998,0,23.32,0,1,0,0,4.34,1.01,23,18,6,5,1,0.68065995,1
1998,0,22.18,0,0,0,2,4.48,3.8,29,18,6,5,1,0.7523531,1
1998,0,17.8,1,1,1,0,7.89,2.54,36,18,6,1,1,0.58902395,1
1998,0,12.42,1,1,1,0,7.74,2.88,34,21,7,1,1,0.61203736,1
1998,2,16.37,0,1,1,2,5.21,2.62,21,1,0,2,0,0.28075927,0
1998,2,18.87,1,0,0,2,5.1,3.23,22,21,7,2,1,0.7075447,1
1998,0,24.84,0,0,1,2,7.7,1.46,33,27,9,1,1,0.79582244,1
1998,2,19.73,0,1,1,2,5.96,1.75,36,15,5,2,1,0.5329185,1
1998,2,13.29,0,0,1,2,4.89,1.76,36,23,8,5,1,0.75610864,1
1998,2,18.99,1,0,0,0,4.78,3.96,31,15,5,5,1,0.7044772,1
1998,2,14.17,0,1,1,0,4.13,1.16,32,9,3,5,1,0.5187369,1
1998,0,24.43,1,0,0,2,8.06,3.36,39,24,8,0,1,0.7627028,1
1998,2,12.54,0,1,1,2,5.65,1.44,33,5,2,2,0,0.34154382,0
1998,0,26.5,0,1,1,1,8.2,2.93,21,19,6,0,1,0.5760556,1
1998,2,12.35,1,1,1,1,4.38,3.53,39,11,4,5,1,0.5566366,1
1998,2,22.62,1,0,0,1,6.32,1.63,34,2,1,2,0,0.36228973,0
1998,0,27.55,0,1,1,2,5.96,2.2,34,16,5,2,1,0.59379584,1
1998,0,25.61,1,0,1,2,4.35,1.45,34,16,5,5,1,0.72424924,1
1998,0,20.98,1,0,1,2,5.8,3.4,22,5,2,2,0,0.42147326,0
1998,2,16.14,1,0,0,2,8.79,1.5,34,31,10,0,1,0.7811058,1
1998,2,17.28,0,1,0,1,6.74,3.16,31,22,7,1,1,0.6309198,1
1999,2,13.43,0,0,1,2,4.69,1.61,20,7,2,5,1,0.47445124,0
1999,0,22.39,1,0,0,0,7.89,1.58,21,20,7,1,1,0.67473304,1
1999,0,14.82,0,1,1,0,7.61,2.41,27,19,6,1,1,0.5463387,1
1999,0,12.93,0,1,0,0,6.35,2.03,21,3,1,2,0,0.28846827,0
1999,2,14.46,0,1,0,2,6.07,1.29,25,6,2,2,0,0.33783454,0
1999,2,16.16,1,0,0,1,8.97,3.66,39,3,1,0,0,0.25979736,0
1999,2,22.93,1,0,0,2,9.25,3.89,33,12,4,4,1,0.62180734,1
1999,0,13.22,1,0,0,0,9.83,2.53,30,5,2,4,0,0.4581911,0
1999,0,19.92,0,1,0,0,8.33,1.84,27,25,8,0,1,0.6455257,1
1999,2,21.48,0,1,0,0,6.43,1.43,30,1,0,2,0,0.28609017,0
1999,2,23.16,1,1,0,1,4.79,1.95,34,29,10,5,1,0.84221244,1
1999,2,21.9,1,1,0,0,7.86,1.91,39,38,13,1,1,0.86766315,1
1999,2,25.95,0,0,0,0,9.41,2.71,36,18,6,4,1,0.7352985,1
1999,0,23.9,1,0,0,1,8.92,1.27,38,6,2,0,0,0.35340434,0
1999,2,14.57,0,1,0,1,8.96,1.48,32,6,2,0,0,0.26536548,0
1999,0,25.31,0,1,1,0,6.12,2.61,39,13,4,2,1,0.5081825,1
1999,0,20.12,1,1,0,2,8.8,1.04,34,0,0,0,0,0.24334365,0
1999,2,27.41,1,0,1,1,5.11,2.49,30,28,9,2,1,0.827486,1
1999,2,26.91,1,1,1,2,8.58,2.63,33,20,7,0,1,0.6337607,1
1999,0,16.38,1,0,0,0,4.29,3.9,28,6,2,5,1,0.5421666,1
1999,0,18.82,1,1,0,0,4.26,3.59,32,0,0,5,1,0.43225327,0
1999,0,13.32,1,0,1,1,9.05,2.12,32,14,5,4,1,0.61599046,1
1999,0,17.9,1,0,1,0,6.46,1.15,24,24,8,2,1,0.7314663,1
1999,2,24.18,1,0,0,1,8.37,2.23,22,1,0,0,0,0.30625692,0
1999,2,22.02,1,0,1,1,5.89,2.33,32,1,0,2,0,0.29990065,0
1999,0,23.12,0,1,1,0,8.39,1.38,25,4,1,0,0,0.26592058,0
1999,0,25.76,0,1,1,2,6.52,1.87,25,1,0,1,0,0.26448613,0
1999,2,20.28,0,1,1,2,8.05,1.8,34,21,7,0,1,0.58328843,1
1999,0,25.04,0,1,1,1,8.68,2.83,38,30,10,0,1,0.7842272,1
1999,2,12.97,1,1,0,0,5.57,2.71,21,12,4,2,1,0.470421,0
1999,0,27.61,1,1,0,1,4.04,2.48,26,5,2,5,1,0.54830337,1
1999,2,15.66,0,1,0,2,6.83,3.78,36,26,9,1,1,0.71282375,1
1999,2,27.94,0,0,1,0,4.55,3.6,29,10,3,5,1,0.6068923,1
1999,2,25.89,0,0,1,0,7.46,2.73,30,6,2,1,0,0.35689244,0
1999,0,18.81,0,0,1,1,8.86,2.59,28,16,5,0,1,0.50249183,1
1999,0,18.75,0,0,0,0,6.56,1.44,37,5,2,1,0,0.3186529,0
1999,2,15.96,0,0,1,1,9.32,2.83,29,27,9,4,1,0.8032306,1
1999,2,22.51,0,1,0,2,4.3,1.84,36,9,3,5,1,0.5349374,1
1999,0,15.78,0,1,0,0,9.15,3.92,31,0,0,4,0,0.33847845,0
1999,2,17.39,1,1,0,0,8.55,2.94,32,8,3,0,0,0.34746274,0
1999,2,21.87,1,1,1,2,5.26,3.95,26,20,7,2,1,0.67483354,1
1999,0,23.78,0,0,1,0,8.69,3.48,26,13,4,0,1,0.4673591,0
1999,0,19.82,0,0,0,0,4.37,3.01,26,26,9,5,1,0.811516,1
1999,2,14.23,1,0,0,1,4.65,1.73,25,24,8,5,1,0.7733035,1
1999,2,12.48,1,1,0,2,5.49,2.26,30,20,7,2,1,0.6114044,1
1999,0,27.63,1,1,1,1,8.45,1.82,23,2,1,0,0,0.2946416,0
1999,2,20.54,0,1,1,0,4.84,2.5,22,22,7,5,1,0.75538445,1
1999,0,24.24,0,1,1,1,7.27,1.44,33,24,8,1,1,0.7046882,1
1999,2,27.29,0,1,0,2,6.14,1.47,30,15,5,2,1,0.5703059,1
1999,0,12.12,1,0,1,2,6.64,3.26,36,9,3,1,0,0.38533464,0
1999,2,26.83,1,0,0,0,4.83,3.95,29,27,9,5,1,0.8469406,1
1999,2,17.63,1,1,1,2,4.44,2.06,25,9,3,5,1,0.5385207,1
1999,2,13.62,1,1,1,1,7.98,2.69,23,2,1,1,0,0.2746626,0
1999,0,19.77,0,1,0,2,7.57,1.76,31,7,2,1,0,0.31626326,0
1999,0,23.46,1,0,1,2,6.75,3.9,28,10,3,1,0,0.46423063,0
1999,0,18.62,1,0,0,1,8.51,3.84,27,19,6,0,1,0.6089425,1
1999,0,14.9,0,1,0,0,5.93,1.9,35,24,8,2,1,0.6763624,1
1999,0,23.34,0,1,1,1,9.52,1.43,29,27,9,4,1,0.8083418,1
1999,0,15.65,1,1,1,1,9.57,2.61,39,24,8,4,1,0.7565447,1
1999,0,15.39,0,1,0,1,6.58,3.03,20,18,6,1,1,0.52067417,1
1999,0,15.79,0,0,1,1,8.31,3.67,29,23,8,0,1,0.66450644,1
1999,2,22.68,1,1,1,0,4.32,3.08,30,12,4,5,1,0.6301568,1
1999,2,13.53,1,1,0,1,5.14,3.02,25,12,4,2,1,0.47237128,0
1999,0,14.69,1,0,1,2,6.05,1.73,32,6,2,2,0,0.3838252,0
1999,0,21.25,1,1,1,1,6.02,1.08,21,21,7,2,1,0.68024683,1
1999,2,13.27,1,0,0,1,4.0,2.88,38,25,8,5,1,0.7816801,1
1999,0,13.11,0,0,0,2,5.75,1.32,20,5,2,2,0,0.34830445,0
1999,2,13.08,1,0,1,2,6.26,3.73,33,21,7,2,1,0.6433314,1
1999,2,15.74,0,1,1,2,9.43,3.46,24,12,4,4,1,0.525645,1
1999,2,22.59,0,1,0,1,4.99,1.41,20,12,4,5,1,0.5914563,1
1999,2,20.92,0,0,0,1,8.7,3.93,36,15,5,0,1,0.5213139,1
1999,0,12.96,1,1,1,1,4.74,1.9,22,3,1,5,1,0.44505903,0
1999,0,14.44,0,1,0,0,9.46,1.36,38,13,4,4,1,0.53447336,1
1999,0,13.4,0,1,0,2,4.93,2.3,27,14,5,5,1,0.6258876,1
1999,2,26.99,0,0,1,1,7.28,3.39,32,17,6,1,1,0.64210105,1
1999,0,27.87,0,0,0,1,4.26,1.05,28,0,0,5,1,0.43699154,0
1999,0,25.62,0,1,1,1,5.07,3.62,25,19,6,2,1,0.66006017,1
1999,2,25.08,1,0,1,2,8.58,1.96,26,12,4,0,1,0.48741543,0
1999,2,25.89,0,0,1,2,6.29,3.88,35,15,5,2,1,0.611568,1
1999,2,24.89,1,0,0,2,8.65,3.55,20,19,6,0,1,0.65634596,1
1999,0,16.87,0,1,0,2,7.77,2.22,24,7,2,1,0,0.3031528,0
1999,0,27.61,1,1,1,0,7.75,2.37,20,16,5,1,1,0.5697481,1
1999,2,19.79,0,0,1,1,6.14,3.2,29,20,7,2,1,0.68582356,1
1999,2,27.45,0,0,0,0,8.94,2.46,26,20,7,0,1,0.66431284,1
1999,2,21.91,1,1,0,0,8.1,3.75,24,15,5,0,1,0.51801074,1
1999,0,12.98,0,1,0,2,5.9,3.16,26,1,0,2,0,0.25569147,0
1999,0,27.92,1,0,0,2,6.32,2.39,21,1,0,2,0,0.4093034,0
1999,0,23.12,0,0,1,1,4.88,3.74,36,31,10,5,1,0.86847025,1
1999,2,27.74,0,0,0,1,5.79,2.01,20,16,5,2,1,0.61700773,1
1999,0,15.83,1,0,1,0,4.54,3.86,38,21,7,5,1,0.75089943,1
1999,2,13.94,0,1,1,1,4.04,2.89,24,12,4,5,1,0.58383596,1
1999,0,20.15,0,0,0,0,4.97,2.87,23,10,3,5,1,0.5850678,1
1999,0,25.02,0,0,1,1,5.23,3.33,27,4,1,2,0,0.36162618,0
1999,0,17.88,1,0,0,1,6.23,3.0,29,8,3,2,0,0.46523085,0
1999,2,19.7,0,0,0,0,4.3,1.74,20,14,5,5,1,0.6383469,1
1999,0,22.2,0,1,0,0,5.75,2.22,27,25,8,2,1,0.7215554,1
1999,2,27.3,1,1,1,1,4.24,2.73,31,22,7,5,1,0.7870587,1
1999,2,23.8,1,0,0,1,9.86,2.94,29,8,3,4,0,0.57527053,1
1999,2,24.39,0,1,1,1,7.3,1.43,25,12,4,1,1,0.44053227,0
1999,2,16.24,0,0,0,2,7.44,2.63,20,10,3,1,0,0.38652688,0
1999,0,16.73,0,0,1,0,9.38,3.05,32,21,7,4,1,0.73214424,1
1999,2,24.31,1,1,1,1,4.72,2.51,34,32,11,5,1,0.8730135,1
1999,2,20.48,1,0,0,0,9.22,1.47,34,18,6,4,1,0.7114296,1
1999,2,27.5,1,1,0,0,8.66,2.56,30,11,4,0,1,0.48406312,0
1999,0,16.69,1,1,1,1,5.09,2.88,39,0,0,2,0,0.28504357,0
1999,0,27.68,0,0,0,2,6.58,1.76,39,23,8,1,1,0.7574306,1
1999,0,24.08,0,0,1,1,6.28,1.71,38,17,6,2,1,0.63577425,1
1999,2,19.37,0,0,1,2,7.7,3.14,29,25,8,1,1,0.72323406,1
1999,2,27.75,0,1,1,0,8.0,1.48,35,3,1,0,0,0.27435002,0
1999,0,14.64,0,0,1,1,6.94,1.32,22,19,6,1,1,0.570814,1
1999,0,23.62,0,0,1,2,6.02,2.0,25,21,7,2,1,0.7290982,1
1999,0,15.24,1,1,1,2,5.17,1.73,29,27,9,2,1,0.7614511,1
1999,0,12.05,0,1,0,0,6.69,2.06,30,2,1,1,0,0.25487387,0
1999,0,21.41,1,1,0,2,4.64,1.54,30,15,5,5,1,0.67207825,1
1999,2,13.04,0,0,0,1,8.6,1.59,23,17,6,0,1,0.4748683,0
1999,2,21.28,0,1,0,2,9.8,3.83,31,26,9,4,1,0.7934067,1
1999,0,20.97,0,1,0,2,9.19,2.13,25,12,4,4,1,0.5638114,1
1999,2,27.97,0,1,0,2,4.1,1.23,36,9,3,5,1,0.5477469,1
1999,0,24.57,1,0,0,1,8.1,2.91,32,28,9,0,1,0.8026148,1
1999,2,13.89,1,1,1,2,9.6,3.41,28,1,0,4,0,0.32447624,0
1999,2,25.44,1,0,1,2,4.76,2.08,33,33,11,5,1,0.88270473,1
1999,0,12.39,1,0,1,1,4.79,3.84,35,19,6,5,1,0.7106757,1
1999,0,27.05,1,1,1,2,8.06,1.56,27,11,4,0,1,0.44504884,0
1999,0,14.14,0,0,1,1,6.81,2.12,30,10,3,1,0,0.38291475,0
1999,0,16.35,1,1,0,0,9.61,3.91,39,18,6,4,1,0.691663,1
1999,0,24.15,0,0,1,0,8.51,1.07,38,5,2,0,0,0.30518454,0
1999,2,27.41,1,0,1,2,5.7,1.22,20,5,2,2,0,0.4669904,0
1999,2,18.7,0,0,0,1,8.31,2.95,23,13,4,0,1,0.42425027,0
1999,2,16.16,1,0,1,0,9.86,1.27,37,31,10,4,1,0.8274078,1
1999,0,23.69,0,0,1,1,6.26,3.84,34,21,7,2,1,0.7310994,1
1999,2,21.05,1,1,1,2,9.69,2.49,36,6,2,4,0,0.42569304,0
1999,0,13.31,1,1,0,0,4.91,3.34,28,19,6,5,1,0.70829237,1
1999,0,22.7,0,0,0,0,7.03,2.14,38,23,8,1,1,0.72079456,1
1999,0,18.59,0,1,0,1,8.15,2.93,36,18,6,0,1,0.529909,1
1999,0,22.42,0,0,0,1,7.97,2.95,25,12,4,1,1,0.49447164,0
1999,2,20.73,1,1,1,2,4.23,3.6,23,23,8,5,1,0.78096676,1
1999,2,24.58,1,1,0,1,8.3,3.27,27,1,0,0,0,0.2841342,0
2000,0,22.87,1,0,0,0,9.99,1.21,38,19,6,4,1,0.7348974,1
2000,0,18.68,1,0,0,1,9.3,3.48,35,1,0,4,0,0.37984115,0
2000,0,27.12,1,0,0,2,6.32,1.16,38,27,9,2,1,0.83065796,1
2000,2,19.48,1,0,0,0,7.96,3.92,22,8,3,1,0,0.4496918,0
2000,0,27.86,1,0,0,2,4.37,2.41,37,28,9,5,1,0.8567178,1
2000,0,18.34,0,1,0,2,7.57,3.13,24,13,4,1,1,0.4276833,0
2000,2,24.13,0,1,1,0,9.23,3.95,20,13,4,4,1,0.60119545,1
2000,0,26.04,1,0,1,0,4.86,2.4,20,19,6,5,1,0.7517222,1
2000,0,25.79,1,0,1,1,9.64,1.03,29,25,8,4,1,0.8140388,1
2000,0,22.48,0,1,0,1,7.52,3.68,28,25,8,1,1,0.72639734,1
2000,2,25.61,1,1,0,1,9.9,1.46,34,1,0,4,0,0.400039,0
2000,0,24.13,1,1,0,2,7.03,1.71,26,20,7,1,1,0.66714746,1
2000,0,12.39,0,1,1,2,4.37,1.67,31,16,5,5,1,0.63874114,1
2000,0,17.18,0,0,1,1,7.44,1.78,26,24,8,1,1,0.70324445,1
2000,0,19.82,1,1,1,2,7.4,1.03,29,4,1,1,0,0.3081101,0
2000,2,22.93,0,0,1,2,7.35,2.53,27,16,5,1,1,0.55407155,1
2000,2,18.92,1,1,1,0,7.11,3.9,39,30,10,1,1,0.79274285,1
2000,0,22.22,0,0,0,1,9.94,2.04,24,24,8,4,1,0.7896847,1
2000,2,18.36,1,1,1,0,8.11,3.69,28,7,2,0,0,0.3067173,0
2000,2,27.74,1,1,1,1,4.86,2.33,35,8,3,5,1,0.5661099,1
2000,0,15.41,1,0,1,2,4.03,1.82,24,23,8,5,1,0.79377615,1
2000,0,25.9,1,1,0,0,5.06,1.96,34,5,2,2,0,0.41366047,0
2000,0,26.73,0,1,1,2,4.58,1.72,37,24,8,5,1,0.7991799,1
2000,2,24.76,1,0,0,2,9.25,2.38,29,8,3,4,0,0.5717615,1
2000,2,18.28,0,1,1,1,9.87,1.6,36,34,11,4,1,0.8437215,1
2000,0,19.68,1,1,1,1,5.09,2.04,35,30,10,2,1,0.8154745,1
2000,0,17.22,1,1,0,1,4.81,1.95,37,14,5,5,1,0.65163374,1
2000,2,24.81,0,1,0,1,6.13,3.1,37,4,1,2,0,0.3456582,0
2000,2,12.51,0,1,0,1,7.45,1.91,31,28,9,1,1,0.6911713,1
2000,2,20.66,0,0,1,2,7.32,2.34,24,21,7,1,1,0.6568548,1
2000,2,17.43,0,1,1,1,6.13,2.99,39,38,13,2,1,0.8622503,1
2000,2,20.76,0,0,0,1,8.17,3.26,24,7,2,0,0,0.32698634,0
2000,2,17.39,0,0,0,2,6.98,1.93,22,21,7,1,1,0.629248,1
2000,2,20.89,0,1,0,2,9.65,2.39,31,12,4,4,1,0.54659134,1
2000,2,16.12,1,0,1,0,4.14,2.93,23,15,5,5,1,0.6536124,1
2000,0,25.87,1,0,0,2,5.08,1.88,36,25,8,2,1,0.80315,1
2000,2,21.26,1,1,0,1,5.61,2.64,27,20,7,2,1,0.67284214,1
2000,2,26.6,0,0,0,0,4.53,2.4,34,32,11,5,1,0.8697945,1
2000,2,14.11,1,0,1,2,6.4,2.88,37,36,12,2,1,0.84991556,1
2000,2,14.87,0,1,1,0,7.9,1.15,30,22,7,1,1,0.58320355,1
2000,0,14.9,1,0,0,2,9.6,1.78,36,18,6,4,1,0.69814694,1
2000,2,19.88,1,1,0,1,4.92,3.83,32,4,1,5,1,0.47922155,0
2000,2,25.93,1,1,0,0,6.75,3.5,26,14,5,1,1,0.57282156,1
2000,2,20.24,1,1,1,2,7.98,1.34,20,12,4,1,1,0.44919983,0
2000,0,24.38,1,0,1,2,9.38,1.07,20,19,6,4,1,0.737643,1
2000,2,25.26,0,0,1,2,8.56,2.94,38,31,10,0,1,0.81444776,1
2000,2,25.89,1,0,1,2,8.03,3.79,30,16,5,0,1,0.56337136,1
2000,0,12.91,1,1,1,2,7.03,1.2,30,1,0,1,0,0.26756766,0
2000,0,20.5,1,0,1,1,5.87,3.92,21,11,4,2,1,0.5316404,1
2000,0,26.99,1,1,0,2,6.56,2.08,35,23,8,1,1,0.7413861,1
2000,2,17.06,1,0,1,1,5.61,3.15,31,5,2,2,0,0.3525276,0
2000,0,12.08,0,1,0,2,9.38,2.79,24,4,1,4,0,0.35481688,0
2000,2,25.89,0,1,0,1,9.74,2.35,30,29,10,4,1,0.8300161,1
2000,0,23.27,0,1,1,1,8.85,3.63,26,16,5,0,1,0.49536887,0
2000,0,27.11,0,1,1,0,7.0,2.03,38,28,9,1,1,0.76304233,1
2000,0,25.9,1,0,0,1,5.87,2.75,30,11,4,2,1,0.5804037,1
2000,0,21.13,0,0,0,2,8.81,1.56,20,17,6,0,1,0.56167614,1
2000,2,13.71,0,1,0,0,5.88,3.46,28,2,1,2,0,0.28548956,0
2000,2,27.99,0,1,0,1,4.79,2.05,36,20,7,5,1,0.7580869,1
2000,2,12.77,0,0,1,0,8.23,2.79,33,12,4,0,1,0.36517063,0
2000,2,24.93,1,1,0,1,5.01,1.39,24,11,4,2,1,0.51924163,1
2000,0,24.77,0,0,1,2,7.29,3.58,39,36,12,1,1,0.8812387,1
2000,2,18.22,1,1,0,2,9.03,3.5,27,13,4,4,1,0.5738225,1
2000,2,19.42,1,1,0,2,4.28,2.74,36,9,3,5,1,0.5381931,1
2000,0,21.28,1,1,1,2,6.36,3.28,36,2,1,2,0,0.3146254,0
2000,0,12.29,0,0,0,2,6.06,3.05,36,13,4,2,1,0.4753224,0
2000,2,26.95,0,1,0,2,5.5,1.88,30,11,4,2,1,0.4973731,0
2000,0,24.85,0,0,1,2,5.17,1.31,25,24,8,2,1,0.7682606,1
2000,2,13.95,1,0,0,0,7.08,3.03,38,36,12,1,1,0.83792114,1
2000,2,27.22,0,0,0,0,5.01,3.77,26,22,7,2,1,0.72893363,1
2000,2,26.4,1,1,0,2,6.25,1.12,28,27,9,2,1,0.7759682,1
2000,0,13.53,0,1,0,0,9.17,3.73,34,9,3,4,0,0.49610886,0
2000,0,27.86,0,1,0,1,4.04,2.9,29,28,9,5,1,0.8289506,1
2000,2,26.31,0,0,0,2,5.45,3.47,39,10,3,2,0,0.48565435,0
2000,0,15.63,0,0,0,2,5.12,2.22,39,31,10,2,1,0.8153671,1
2000,2,15.75,1,1,0,0,8.62,1.21,29,3,1,0,0,0.26072258,0
2000,0,27.88,0,0,1,2,8.92,2.74,20,6,2,0,0,0.36262167,0
2000,0,24.64,1,1,0,2,6.06,3.59,38,31,10,2,1,0.8395483,1
2000,0,14.12,1,1,1,0,6.01,2.27,39,31,10,2,1,0.783724,1
2000,0,21.7,0,1,0,1,4.89,1.7,23,4,1,5,1,0.4513746,0
2000,2,14.34,0,0,0,2,5.18,2.88,37,19,6,2,1,0.5980532,1
2000,0,17.88,0,0,1,1,5.42,3.49,21,4,1,2,0,0.3279077,0
2000,0,14.16,1,0,0,0,7.61,3.6,38,23,8,1,1,0.71185935,1
2000,0,18.92,0,0,0,2,5.22,1.61,29,9,3,2,0,0.4313615,0
2000,2,14.43,1,0,1,2,8.14,2.35,28,20,7,0,1,0.5699888,1
2000,2,24.49,0,1,1,0,4.33,2.76,31,13,4,5,1,0.6299871,1
2000,2,16.85,1,1,1,0,6.9,2.63,21,21,7,1,1,0.6079298,1
2000,2,16.9,0,0,0,0,7.28,1.49,35,6,2,1,0,0.306827,0
2000,2,23.74,1,0,0,0,9.71,1.33,29,13,4,4,1,0.6279191,1
2000,2,12.18,1,1,0,1,7.58,1.52,26,8,3,1,0,0.35529175,0
2000,2,19.81,0,0,0,1,9.46,3.05,21,8,3,4,0,0.5306572,1
2000,2,19.62,1,1,1,0,7.74,2.02,36,24,8,1,1,0.6983533,1
2000,2,18.01,0,0,1,2,8.45,1.02,35,21,7,0,1,0.5876192,1
2000,2,24.59,0,0,0,1,8.04,2.85,32,28,9,0,1,0.774331,1
2000,2,19.38,1,1,0,2,5.22,3.84,29,25,8,2,1,0.72033536,1
2000,2,21.82,1,0,0,2,9.8,3.72,25,7,2,4,0,0.53821677,1
2000,2,23.8,0,0,0,2,6.85,3.37,35,19,6,1,1,0.64266115,1
2000,2,14.96,0,0,0,2,8.37,2.7,21,8,3,0,0,0.3250498,0
2000,0,22.56,0,1,0,2,8.62,3.47,35,0,0,0,0,0.21887395,0
2000,0,24.23,1,1,0,1,9.85,1.04,31,6,2,4,0,0.47661647,0
2000,0,24.78,0,1,0,1,9.09,1.22,30,12,4,4,1,0.57338226,1
2000,2,22.5,1,0,0,0,5.18,2.36,28,6,2,2,0,0.42788416,0
2000,0,16.57,1,1,0,2,4.73,1.3,25,23,8,5,1,0.76261306,1
2000,2,16.04,1,0,0,2,5.0,2.92,26,13,4,2,1,0.5243747,1
2000,2,25.47,0,0,1,0,9.82,3.62,28,22,7,4,1,0.7798755,1
2000,0,22.5,1,0,0,0,8.57,2.78,32,0,0,0,0,0.26362383,0
2000,2,20.68,0,1,1,1,6.62,3.54,25,15,5,1,1,0.49748188,0
2000,0,15.01,1,0,1,2,7.69,1.97,22,14,5,1,1,0.52753234,1
2000,2,12.08,1,0,1,0,4.45,2.34,33,18,6,5,1,0.67426854,1
2000,0,24.18,1,0,1,2,4.64,3.9,21,17,6,5,1,0.756216,1
2000,0,26.18,1,0,0,2,6.63,3.23,33,28,9,1,1,0.8255788,1
2000,0,18.6,1,1,0,2,6.53,1.59,31,31,10,1,1,0.7959434,1
2000,0,19.97,1,0,0,2,6.89,3.97,39,31,10,1,1,0.83657414,1
2000,0,15.53,0,0,0,2,7.36,2.13,26,12,4,1,1,0.4376571,0
2000,2,26.93,1,0,1,0,9.78,1.05,32,29,10,4,1,0.8477354,1
2000,2,18.14,0,1,1,1,7.49,1.33,35,4,1,1,0,0.26985553,0
2000,2,20.29,1,0,1,0,9.45,1.15,36,34,11,4,1,0.8617827,1
2000,2,25.47,1,1,0,0,6.84,1.41,39,23,8,1,1,0.7266499,1
2000,2,14.98,1,0,0,2,5.35,3.51,35,17,6,2,1,0.6021233,1
2000,0,23.65,1,0,1,0,9.91,2.47,38,30,10,4,1,0.85875666,1
2000,0,12.91,0,0,1,1,4.52,1.51,29,9,3,5,1,0.52191854,1
2000,2,19.2,1,1,1,2,9.65,3.41,21,19,6,4,1,0.6724427,1
2000,2,14.23,1,1,1,2,8.59,3.35,24,20,7,0,1,0.5350617,1
2000,0,22.47,0,0,0,2,9.22,2.21,22,22,7,4,1,0.7655967,1
2000,2,15.17,1,0,1,1,5.08,1.15,29,6,2,2,0,0.360704,0
2000,2,16.02,0,0,1,1,5.37,2.12,38,2,1,2,0,0.278957,0
2000,0,19.33,1,1,0,1,7.59,2.17,26,2,1,1,0,0.29856712,0
2000,2,19.76,1,1,1,1,7.99,2.74,21,7,2,1,0,0.34864944,0
2000,0,24.9,0,1,1,2,6.52,1.28,38,15,5,1,1,0.5096579,1
2000,2,19.35,1,0,1,0,7.01,2.63,28,28,9,1,1,0.7691729,1
2001,2,27.8,0,0,0,0,7.04,1.25,27,23,8,1,1,0.7087363,1
2001,2,14.67,0,1,1,1,7.89,1.87,28,13,4,1,1,0.39034688,0
2001,2,21.72,0,1,1,1,9.73,1.39,31,12,4,4,1,0.5412787,1
2001,0,15.53,1,1,1,0,7.49,1.68,31,14,5,1,1,0.49143413,0
2001,0,17.6,1,1,1,2,4.76,3.82,34,32,11,5,1,0.8640456,1
2001,0,26.84,0,1,1,1,5.25,1.54,21,21,7,2,1,0.6813865,1
2001,2,25.05,0,0,1,1,8.82,3.16,31,27,9,0,1,0.76650393,1
2001,2,15.59,1,1,1,2,7.24,1.85,27,20,7,1,1,0.5807122,1
2001,0,16.25,0,1,1,1,4.91,2.82,27,2,1,5,1,0.4196224,0
2001,2,26.22,0,1,1,1,7.57,1.08,36,33,11,1,1,0.8211482,1
2001,2,23.57,1,0,0,2,8.7,3.68,37,10,3,0,0,0.42672527,0
2001,2,13.3,1,0,0,0,9.65,2.85,33,21,7,4,1,0.7244575,1
2001,2,25.19,0,1,0,2,7.1,2.74,22,21,7,1,1,0.6436485,1
2001,2,17.56,0,1,1,0,7.48,1.85,36,26,9,1,1,0.70767844,1
2001,2,21.05,1,1,1,1,8.03,2.21,25,11,4,0,1,0.4009997,0
2001,0,26.06,1,0,0,1,8.86,1.16,24,20,7,0,1,0.68082464,1
2001,0,25.39,1,0,1,2,5.68,1.78,20,17,6,2,1,0.6898772,1
2001,0,22.88,0,0,1,1,6.64,1.26,33,10,3,1,0,0.4024342,0
2001,0,12.47,1,0,1,0,6.3,3.73,32,22,7,2,1,0.6775701,1
2001,0,25.09,1,1,0,2,7.53,3.88,20,1,0,1,0,0.32264024,0
2001,0,16.59,1,0,1,2,8.96,2.35,27,17,6,0,1,0.5548265,1
2001,2,20.64,0,1,0,0,7.25,2.6,30,14,5,1,1,0.4940432,0
2001,2,27.0,0,0,1,1,5.36,2.55,27,3,1,2,0,0.33741078,0
2001,0,23.01,0,1,1,2,8.0,3.97,20,4,1,0,0,0.26628098,0
2001,0,13.09,0,0,1,0,4.48,2.83,23,5,2,5,1,0.46291682,0
2001,2,23.99,1,0,1,2,9.03,2.03,30,10,3,4,0,0.55814815,1
2001,2,14.62,1,0,0,2,7.25,2.71,23,15,5,1,1,0.5337045,1
2001,2,15.53,0,1,0,2,9.68,3.15,21,10,3,4,0,0.48903057,0
2001,0,27.1,1,0,1,0,5.48,3.87,29,15,5,2,1,0.63572156,1
2001,0,14.1,0,1,1,0,6.36,2.73,26,8,3,2,0,0.39103022,0
2001,0,13.88,0,1,1,2,7.28,1.27,20,18,6,1,1,0.5191916,1
2001,0,22.97,1,0,0,2,9.53,1.19,36,13,4,4,1,0.62719274,1
2001,0,19.28,1,1,0,0,5.35,1.4,37,5,2,2,0,0.37426218,0
2001,0,16.67,1,0,0,2,6.01,2.63,27,5,2,2,0,0.41010237,0
2001,2,27.79,1,1,1,0,8.15,2.1,34,30,10,0,1,0.80043155,1
2001,2,14.28,0,0,1,1,4.84,2.17,28,20,7,5,1,0.72004735,1
2001,0,19.98,0,0,0,0,6.49,3.93,26,11,4,2,1,0.51179266,1
2001,2,21.89,1,0,1,0,7.29,3.86,29,24,8,1,1,0.73760676,1
2001,2,23.24,0,0,0,2,6.42,3.4,35,31,10,2,1,0.83350104,1
2001,2,17.61,1,1,0,2,4.8,3.33,31,2,1,5,1,0.4511639,0
2001,0,13.67,1,1,0,2,6.51,1.99,39,1,0,1,0,0.25458506,0
2001,2,13.28,1,1,0,0,7.38,3.75,33,20,7,1,1,0.6004363,1
2001,0,22.3,0,1,1,0,8.41,2.42,30,29,10,0,1,0.75656587,1
2001,2,15.95,1,0,1,2,6.51,2.9,37,33,11,1,1,0.81403214,1
2001,0,14.55,1,1,0,2,7.6,2.56,26,1,0,1,0,0.26631388,0
2001,0,27.6,1,1,0,1,7.75,3.12,22,19,6,1,1,0.64671504,1
2001,0,23.88,1,1,0,0,7.58,2.38,25,24,8,1,1,0.7166362,1
2001,0,27.8,0,0,0,1,9.48,1.24,23,3,1,4,0,0.45806998,0
2001,0,26.41,0,1,1,0,7.53,1.31,22,14,5,1,1,0.49638647,0
2001,0,23.73,1,0,0,2,5.7,3.48,35,24,8,2,1,0.7905407,1
2001,2,15.8,0,0,1,2,8.01,1.77,26,9,3,0,0,0.31954035,0
2001,0,27.54,1,0,1,1,8.79,1.41,36,21,7,0,1,0.69390666,1
2001,0,25.67,0,1,1,2,4.12,2.16,31,15,5,5,1,0.6762512,1
2001,0,17.75,1,1,0,2,8.07,3.21,36,30,10,0,1,0.7684389,1
2001,0,14.62,1,0,1,0,9.98,2.92,24,14,5,4,1,0.61772585,1
2001,0,14.09,1,0,0,0,5.54,3.09,26,5,2,2,0,0.38810405,0
2001,0,15.98,1,0,0,2,6.46,2.95,24,2,1,2,0,0.36317518,0
2001,2,14.67,1,1,1,0,7.87,2.32,20,11,4,1,1,0.4049899,0
2001,2,14.68,0,1,1,2,9.61,1.12,31,27,9,4,1,0.75949407,1
2001,2,25.51,1,1,0,1,9.79,1.17,21,21,7,4,1,0.7176238,1
2001,0,12.63,0,0,1,2,7.87,2.43,26,24,8,1,1,0.68318033,1
2001,0,26.94,0,0,1,2,6.43,2.99,36,21,7,2,1,0.74006104,1
2001,0,12.67,0,0,0,2,8.7,1.95,26,15,5,0,1,0.44243392,0
2001,2,27.79,1,1,0,0,6.22,2.97,27,20,7,2,1,0.70550686,1
2001,0,27.52,0,0,0,0,9.15,1.58,23,12,4,4,1,0.613981,1
2001,2,22.76,1,0,0,1,8.59,3.73,36,9,3,0,0,0.41238534,0
2001,0,23.08,1,1,0,0,8.1,3.53,20,5,2,0,0,0.33456516,0
2001,0,21.89,1,1,0,1,4.72,3.27,29,1,0,5,1,0.44455093,0
2001,0,21.07,1,1,1,0,5.01,2.74,24,6,2,2,0,0.38825455,0
2001,0,17.23,1,1,1,0,9.09,2.06,39,25,8,4,1,0.7680638,1
2001,0,24.2,1,0,0,1,9.02,3.03,26,11,4,4,1,0.6386243,1
2001,2,13.92,0,1,0,0,7.07,1.55,23,15,5,1,1,0.42884982,0
2001,0,20.71,1,1,1,0,7.63,1.32,36,35,12,1,1,0.8429998,1
2001,2,19.18,0,0,0,2,8.03,1.17,22,20,7,0,1,0.5902339,1
2001,2,18.08,1,1,1,1,9.77,1.5,32,3,1,4,0,0.3689029,0
2001,2,20.31,0,0,0,0,7.79,1.53,24,12,4,1,1,0.44059932,0
2001,2,20.4,0,0,1,1,6.61,1.28,22,4,1,1,0,0.27979094,0
2001,0,16.11,1,1,1,0,5.23,3.39,23,22,7,2,1,0.66184825,1
2001,2,19.74,0,1,0,0,5.32,1.39,25,17,6,2,1,0.5558622,1
2001,2,22.13,0,0,1,1,8.45,1.5,37,34,11,0,1,0.8212517,1
2001,0,26.15,0,0,0,1,8.34,2.97,23,0,0,0,0,0.2645432,0
2001,2,21.39,0,0,1,2,8.81,3.06,34,32,11,0,1,0.8164125,1
2001,2,12.38,1,1,1,2,9.2,2.15,37,0,0,4,0,0.3037108,0
2001,0,15.71,0,1,1,0,9.93,1.93,37,33,11,4,1,0.8319371,1
2001,2,18.25,1,0,1,1,6.9,3.29,37,37,12,1,1,0.85889876,1
2001,0,21.51,0,1,1,1,9.92,3.81,39,38,13,4,1,0.88815016,1
2001,0,14.18,0,0,0,0,7.23,3.62,27,25,8,1,1,0.6933398,1
2001,0,18.85,0,1,1,2,4.58,1.2,30,25,8,5,1,0.78855544,1
2001,2,13.67,1,0,0,0,5.41,1.77,30,13,4,2,1,0.4864129,0
2001,2,16.39,1,0,1,0,8.97,2.13,20,3,1,0,0,0.2678235,0
2001,0,17.68,0,0,0,1,7.33,2.79,37,29,10,1,1,0.7987313,1
2001,0,17.33,0,0,1,2,5.79,3.75,35,21,7,2,1,0.6970742,1
2001,2,18.39,1,0,1,1,9.61,1.17,29,13,4,4,1,0.5699662,1
2001,0,13.43,1,0,0,1,6.36,3.2,39,28,9,2,1,0.7877855,1
2001,2,16.85,0,0,1,1,8.78,3.99,39,3,1,0,0,0.23755682,0
2001,2,17.76,0,0,0,0,7.87,3.45,23,8,3,1,0,0.3798026,0
2001,0,18.35,0,0,0,2,6.48,2.23,28,21,7,2,1,0.70031494,1
2001,2,13.86,1,0,0,2,4.85,3.21,34,3,1,5,1,0.4351886,0
2001,0,18.09,0,1,0,2,4.65,2.52,35,13,4,5,1,0.6008525,1
2001,2,23.12,0,0,0,1,9.51,1.06,36,20,7,4,1,0.72654355,1
2001,0,25.16,1,0,1,0,4.41,1.02,34,22,7,5,1,0.7755703,1
2001,0,25.79,1,0,0,0,5.88,3.15,37,8,3,2,0,0.503342,1
2001,0,26.76,1,1,1,0,7.81,2.33,30,30,10,1,1,0.8176787,1
2001,0,24.24,1,0,1,0,7.58,3.44,24,12,4,1,1,0.5126481,1
2001,0,12.41,0,1,0,2,7.86,1.77,20,11,4,1,1,0.37024367,0
2001,2,16.99,1,0,1,2,6.81,2.88,20,18,6,1,1,0.5879105,1
2001,2,13.69,0,1,1,2,4.66,2.44,34,27,9,5,1,0.79166925,1
2001,0,13.0,1,0,1,1,9.56,1.3,23,2,1,4,0,0.38532546,0
2001,0,20.43,0,0,1,2,7.32,3.78,35,34,11,1,1,0.8536277,1
2001,2,15.11,0,0,1,1,5.97,3.95,25,20,7,2,1,0.64377886,1
2001,0,18.66,1,0,0,1,9.29,2.94,37,25,8,4,1,0.8040436,1
2001,0,15.44,0,0,1,1,6.54,1.24,29,9,3,1,0,0.3651287,0
2001,2,19.81,1,0,0,2,9.09,1.06,20,11,4,4,1,0.6023828,1
2001,0,19.35,1,1,0,2,9.07,3.48,30,4,1,4,0,0.41950712,0
2001,2,24.56,0,0,1,0,6.37,1.44,36,25,8,2,1,0.74567044,1
2001,0,17.05,1,1,0,1,6.7,1.13,33,5,2,1,0,0.32739192,0
2001,0,16.07,1,0,1,1,7.81,2.11,22,21,7,1,1,0.6531009,1
2001,2,26.43,1,0,1,2,7.27,2.2,28,19,6,1,1,0.66377443,1
2001,2,13.07,1,1,1,1,8.29,1.26,36,34,11,0,1,0.76337683,1
2001,2,14.4,0,1,0,1,6.56,3.48,39,8,3,1,0,0.34840524,0
2001,2,22.88,0,0,0,0,7.15,3.42,21,12,4,1,1,0.48623642,0
2001,2,13.31,0,0,0,1,7.89,2.5,35,35,12,1,1,0.81979513,1
2001,2,21.99,1,0,1,1,5.97,3.3,31,3,1,2,0,0.3348177,0
2001,2,15.59,0,0,0,0,7.36,2.64,23,4,1,1,0,0.27247894,0
2001,0,15.85,0,0,0,1,9.58,1.27,26,18,6,4,1,0.6753969,1
2001,0,13.94,0,0,1,0,7.17,1.79,36,5,2,1,0,0.29953057,0
2001,0,26.19,0,0,1,0,4.32,1.39,38,29,10,5,1,0.83766603,1
2001,0,25.78,1,1,0,0,7.19,2.07,35,34,11,1,1,0.84429324,1
2001,2,27.0,1,0,1,2,7.74,3.1,28,21,7,1,1,0.7145804,1
2001,2,14.11,0,1,1,1,7.17,2.52,28,2,1,1,0,0.24397543,0
2001,2,23.62,1,0,1,1,6.01,3.44,32,12,4,2,1,0.5289786,1
2001,2,20.13,1,0,1,0,6.63,2.42,24,24,8,1,1,0.70864105,1
2001,0,25.97,0,1,0,0,9.6,2.21,29,13,4,4,1,0.602401,1
2001,2,27.87,1,1,0,0,9.52,1.32,31,13,4,4,1,0.6111245,1
2001,0,17.69,1,1,1,1,5.42,2.63,37,0,0,2,0,0.27900743,0
2001,2,20.87,1,0,0,0,6.57,2.07,34,1,0,1,0,0.27990717,0
2001,0,12.56,0,0,1,1,9.02,2.13,36,0,0,4,0,0.2988183,0
2001,0,23.13,0,0,0,2,4.24,3.62,24,3,1,5,1,0.4935784,0
2001,2,17.69,1,0,1,2,7.43,1.96,22,21,7,1,1,0.6464385,1
2001,0,24.71,0,1,0,2,5.99,3.72,34,23,8,2,1,0.7491269,1
2001,0,19.7,0,0,1,1,6.2,2.48,39,1,0,2,0,0.26356435,0
2001,2,22.28,0,0,1,1,4.6,1.25,27,21,7,5,1,0.74817735,1
2001,2,20.98,1,0,0,0,9.82,3.93,27,19,6,4,1,0.7252657,1
2001,2,21.66,0,1,1,2,7.6,3.77,34,2,1,1,0,0.26387548,0
2001,0,22.82,0,0,0,0,8.21,2.63,31,6,2,0,0,0.31992736,0
2001,0,25.2,0,1,0,1,6.73,2.98,39,11,4,1,1,0.45986232,0
2001,0,20.28,1,1,1,2,9.48,3.41,28,28,9,4,1,0.8127572,1
2001,0,14.36,0,0,1,2,7.28,2.53,35,2,1,1,0,0.25777882,0
2001,2,21.76,1,0,1,2,7.39,2.88,20,1,0,1,0,0.30555475,0
2001,0,17.56,0,1,1,2,8.79,1.47,35,17,6,0,1,0.49530876,0
2001,0,20.96,1,0,1,2,5.83,3.11,22,6,2,2,0,0.43161768,0
2001,2,19.42,0,1,1,2,5.31,1.37,26,14,5,2,1,0.50461435,1
2001,0,17.59,1,1,1,0,6.36,3.32,30,29,10,2,1,0.7951441,1
2001,0,25.6,1,0,1,2,6.46,1.52,32,12,4,2,1,0.5644119,1
2001,2,15.22,1,0,1,2,7.49,2.82,32,29,10,1,1,0.76749897,1
2001,0,20.31,0,0,0,1,6.32,2.39,23,20,7,2,1,0.6855736,1
2001,0,16.0,0,0,0,1,7.46,3.03,32,0,0,1,1,0.23101056,0
2002,0,18.84,1,0,1,1,4.97,3.59,29,16,5,5,1,0.69526666,1
2002,0,15.49,1,1,1,1,6.71,2.65,38,2,1,1,0,0.27612296,0
2002,2,27.2,0,0,0,0,6.13,2.25,34,30,10,2,1,0.82416123,1
2002,2,21.81,0,0,0,2,6.65,2.54,24,2,1,1,0,0.30869234,0
2002,2,27.08,1,0,0,2,9.64,1.91,35,0,0,4,0,0.41842243,0
2002,2,14.98,1,1,0,0,6.41,1.5,21,17,6,2,1,0.5647373,1
2002,0,26.14,0,1,0,1,8.41,2.46,29,14,5,0,1,0.48022294,0
2002,2,24.95,0,1,1,2,8.53,3.29,21,14,5,0,1,0.47646302,0
2002,0,13.39,0,1,1,1,4.48,2.61,37,21,7,5,1,0.7272439,1
2002,2,19.69,1,0,0,1,4.24,3.88,26,7,2,5,1,0.5487335,1
2002,0,24.76,1,1,0,2,9.7,2.74,27,21,7,4,1,0.73939484,1
2002,2,14.06,1,0,0,0,6.66,3.43,29,29,10,1,1,0.7666993,1
2002,2,24.18,1,0,0,0,7.75,3.93,36,23,8,1,1,0.74792993,1
2002,2,20.66,0,0,0,2,7.43,3.56,36,15,5,1,1,0.53280246,1
2002,2,22.12,1,0,1,1,7.63,1.68,26,17,6,1,1,0.598205,1
2002,0,16.82,1,0,0,1,6.65,2.11,31,13,4,1,1,0.4924293,0
2002,0,13.08,0,0,1,1,5.11,1.51,32,17,6,2,1,0.5733429,1
2002,0,17.53,0,0,0,1,6.32,2.04,25,25,8,2,1,0.73324764,1
2002,2,19.13,1,1,1,1,9.76,2.34,28,18,6,4,1,0.6572974,1
2002,2,14.42,0,1,0,1,4.74,1.73,20,14,5,5,1,0.5975168,1
2002,0,18.55,1,1,0,1,6.29,1.96,33,3,1,2,0,0.33143222,0
2002,2,22.43,1,0,1,2,7.85,1.15,30,7,2,1,0,0.3801621,0
2002,2,12.52,0,0,0,0,5.42,3.95,24,11,4,2,1,0.439629,0
2002,0,14.0,0,0,1,2,6.85,3.03,33,25,8,1,1,0.7033136,1
2002,0,15.21,1,0,0,0,5.68,3.22,31,19,6,2,1,0.64791685,1
2002,0,21.31,0,1,1,2,9.96,1.09,35,5,2,4,0,0.3971195,0
2002,2,16.97,0,1,0,2,8.98,1.65,36,3,1,0,0,0.24904719,0
2002,2,12.19,1,0,0,1,6.4,3.86,39,28,9,2,1,0.7566819,1
2002,0,24.48,1,1,0,1,7.47,1.72,28,14,5,1,1,0.54256016,1
2002,2,13.68,1,1,0,2,9.2,3.11,31,25,8,4,1,0.72395784,1
2002,0,22.18,1,0,0,2,6.15,3.08,30,17,6,2,1,0.68061274,1
2002,2,23.43,0,1,0,1,8.45,3.96,33,5,2,0,0,0.3168038,0
2002,0,24.64,1,1,0,2,8.41,2.51,39,32,11,0,1,0.8243985,1
2002,2,22.88,1,1,0,1,7.13,3.42,32,16,5,1,1,0.5540754,1
2002,0,23.63,0,1,0,1,9.34,2.94,25,20,7,4,1,0.72939277,1
2002,2,25.97,0,1,0,1,7.33,1.49,38,7,2,1,0,0.35495165,0
2002,0,26.54,1,0,1,1,4.08,1.34,35,22,7,5,1,0.78257453,1
2002,0,24.89,0,0,0,1,6.36,2.28,26,11,4,2,1,0.52710396,1
2002,0,21.37,1,0,0,0,4.78,2.41,34,30,10,5,1,0.8509025,1
2002,0,20.25,1,0,0,2,6.04,1.23,26,19,6,2,1,0.6813276,1
2002,0,15.23,1,1,1,2,9.25,1.73,21,12,4,4,1,0.54175997,1
2002,2,14.83,1,1,0,1,9.67,1.15,28,12,4,4,1,0.530164,1
2002,0,22.42,0,0,0,2,9.67,2.72,37,27,9,4,1,0.8304594,1
2002,0,18.51,1,0,1,1,8.07,1.08,24,1,0,0,0,0.2619053,0
2002,2,18.47,1,1,1,2,6.85,1.62,25,21,7,1,1,0.60903734,1
2002,0,22.68,1,1,0,1,6.3,1.38,32,14,5,2,1,0.56673276,1
2002,0,17.19,1,1,1,1,8.97,2.74,35,34,11,0,1,0.8030284,1
2002,0,18.34,1,0,0,2,8.26,3.34,35,1,0,0,0,0.25286216,0
2002,0,17.97,1,1,1,2,6.18,3.55,20,18,6,2,1,0.61032254,1
2002,0,15.64,1,0,0,2,9.28,1.86,21,14,5,4,1,0.6502855,1
2002,0,22.69,1,0,0,2,6.45,3.87,37,32,11,2,1,0.8641537,1
2002,0,12.41,0,1,1,2,5.49,2.48,33,31,10,2,1,0.7812442,1
2002,0,17.46,0,0,0,2,9.65,3.74,22,15,5,4,1,0.6552849,1
2002,2,21.77,1,1,0,2,6.51,1.51,37,14,5,1,1,0.5077404,1
2002,2,14.9,1,1,1,1,9.97,1.91,25,10,3,4,0,0.4736695,0
2002,0,27.41,0,1,1,0,6.51,1.42,31,7,2,1,0,0.3365202,0
2002,0,25.16,0,1,1,1,9.97,3.97,34,24,8,4,1,0.7968782,1
2002,0,22.27,0,1,0,0,4.06,2.89,37,23,8,5,1,0.77942705,1
2002,2,20.75,1,1,0,2,6.76,2.31,34,7,2,1,0,0.36771074,0
2002,2,19.95,0,0,0,2,8.53,3.82,28,23,8,0,1,0.6751605,1
2002,0,18.47,0,0,1,2,9.15,1.76,21,0,0,4,0,0.34074706,0
2002,0,23.59,1,1,0,2,8.91,3.16,20,7,2,0,0,0.36687005,0
2002,2,24.81,1,1,1,0,9.26,1.81,23,4,1,4,0,0.4286685,0
2002,0,20.64,0,0,0,2,6.96,4.0,30,25,8,1,1,0.75021034,1
2002,0,22.71,0,0,1,0,5.79,2.51,25,23,8,2,1,0.73609936,1
2002,0,23.04,1,0,1,0,8.93,2.13,26,1,0,0,0,0.25969848,0
2002,2,15.21,1,1,0,0,7.27,1.27,29,15,5,1,1,0.47784528,0
2002,2,13.55,0,0,1,2,9.73,3.94,22,18,6,4,1,0.6511278,1
2002,0,17.56,0,1,1,2,5.01,1.5,29,5,2,2,0,0.33861405,0
2002,0,24.73,1,0,1,2,4.08,3.46,31,10,3,5,1,0.6116508,1
2002,0,26.83,1,0,1,2,9.33,3.79,29,21,7,4,1,0.78055423,1
2002,2,20.34,0,0,0,1,5.73,2.34,26,10,3,2,0,0.43413374,0
2002,2,24.08,1,0,1,1,7.27,1.52,28,18,6,1,1,0.6188117,1
2002,2,16.21,0,1,0,2,8.44,2.42,38,31,10,0,1,0.7374686,1
2002,2,20.86,0,1,0,1,4.52,2.79,23,16,5,5,1,0.6521702,1
2002,2,26.71,0,0,1,0,9.72,1.43,30,28,9,4,1,0.81958777,1
2002,2,26.89,0,0,0,2,9.69,1.63,35,2,1,4,0,0.41356257,0
2002,2,18.45,0,1,1,2,4.88,1.43,38,1,0,5,1,0.36548218,0
2002,2,14.78,0,1,1,0,9.63,1.03,24,8,3,4,0,0.4289328,0
2002,2,18.38,0,1,0,1,4.79,1.71,32,21,7,5,1,0.72013247,1
2002,0,13.09,1,1,1,1,5.8,2.25,35,3,1,2,0,0.31359047,0
2002,2,20.1,1,1,1,2,8.81,2.08,29,16,5,0,1,0.46584532,0
2002,0,19.03,1,0,1,1,5.08,3.99,28,0,0,2,0,0.2986362,0
2002,2,22.4,1,1,1,0,4.15,3.4,28,5,2,5,1,0.494982,0
2002,2,12.92,0,1,0,1,4.48,1.74,28,12,4,5,1,0.54948926,1
2002,0,27.95,0,1,1,2,9.79,2.34,34,28,9,4,1,0.82742447,1
2002,0,21.84,0,1,1,1,8.45,1.66,23,9,3,0,0,0.32723358,0
2002,0,21.98,1,0,1,1,9.31,2.22,23,17,6,4,1,0.709284,1
2002,0,14.09,0,1,0,2,5.17,2.26,35,14,5,2,1,0.49548525,0
2002,2,26.19,1,1,0,2,5.0,2.55,38,13,4,2,1,0.5316565,1
2002,0,18.63,1,1,1,2,8.56,1.86,24,15,5,0,1,0.46767926,0
2002,2,20.56,1,1,0,1,9.52,3.68,39,8,3,4,0,0.49840719,0
2002,2,27.61,1,1,0,0,6.67,3.96,33,14,5,1,1,0.5763844,1
2002,0,23.8,0,1,0,0,9.65,2.02,34,32,11,4,1,0.84781885,1
2002,0,26.27,0,0,1,1,4.31,1.48,36,12,4,5,1,0.61002225,1
2002,0,26.32,0,0,1,2,6.9,2.45,37,32,11,1,1,0.8545869,1
2002,0,22.19,1,1,0,0,5.3,3.69,24,19,6,2,1,0.64508545,1
2002,2,20.2,0,0,0,0,9.39,1.6,28,27,9,4,1,0.79454875,1
2002,0,12.67,0,1,1,2,8.24,3.55,24,17,6,0,1,0.47330987,0
2002,0,13.14,0,1,0,1,5.24,1.45,22,17,6,2,1,0.53081304,1
2002,0,12.19,0,0,1,2,4.01,2.61,28,8,3,5,1,0.52346,1
2002,0,22.58,0,1,1,2,4.92,1.04,37,16,5,5,1,0.64913774,1
2002,0,13.57,1,1,0,2,8.39,3.0,29,14,5,0,1,0.43403962,0
2002,0,15.29,0,0,1,1,7.58,1.45,29,12,4,1,1,0.42355806,0
2002,0,22.3,0,0,1,1,6.04,2.84,38,21,7,2,1,0.7072526,1
2002,0,21.63,0,1,0,0,4.99,3.41,37,32,11,5,1,0.85613793,1
2002,2,21.32,1,0,1,1,8.24,3.45,37,3,1,0,0,0.26493245,0
2002,0,23.97,0,0,1,0,7.21,3.94,29,23,8,1,1,0.74077463,1
2002,0,14.05,0,0,0,1,5.27,3.26,33,27,9,2,1,0.7647675,1
2002,2,27.09,1,1,0,0,8.32,1.3,35,8,3,0,0,0.40145338,0
2002,2,25.06,1,1,1,1,5.82,2.87,30,24,8,2,1,0.74215364,1
2002,2,14.84,0,0,0,2,7.55,1.38,21,5,2,1,0,0.3132547,0
2002,0,20.72,0,0,0,0,5.15,2.28,21,3,1,2,0,0.32772177,0
2002,2,25.08,0,1,0,0,7.12,3.81,21,13,4,1,1,0.48541707,0
2002,0,21.45,0,0,1,1,7.95,2.48,27,7,2,1,0,0.34291965,0
2002,0,12.15,1,1,0,1,4.22,3.38,30,0,0,5,1,0.4158513,0
2002,2,13.59,1,1,0,2,4.07,1.72,32,10,3,5,1,0.518677,1
2002,0,18.42,1,0,1,2,7.32,3.85,36,5,2,1,0,0.3344925,0
2002,0,24.8,1,0,1,0,8.44,1.92,35,14,5,0,1,0.52274853,1
2002,2,20.88,0,1,1,2,4.51,2.38,21,18,6,5,1,0.6947525,1
2002,0,21.86,1,0,0,2,7.11,1.11,28,27,9,1,1,0.7880424,1
2002,0,24.54,1,0,1,1,6.9,2.66,39,37,12,1,1,0.8852589,1
2002,2,17.89,0,1,1,0,9.0,2.02,36,26,9,4,1,0.7798967,1
2002,0,13.49,1,1,0,0,5.89,1.38,33,28,9,2,1,0.73976314,1
2002,0,24.88,1,0,1,0,5.71,1.81,35,17,6,2,1,0.6575162,1
2002,2,24.62,0,1,0,0,6.91,4.0,31,9,3,1,0,0.41952187,0
2002,2,19.04,1,0,1,0,7.66,3.36,32,0,0,1,0,0.24447194,0
2002,0,17.25,0,1,1,0,5.5,1.9,25,9,3,2,0,0.39217755,0
2002,2,18.94,1,1,0,2,6.06,1.45,29,23,8,2,1,0.6888125,1
2002,2,21.57,0,0,1,2,7.09,3.27,38,4,1,1,0,0.27980345,0
2002,2,22.28,0,1,1,1,6.26,1.31,32,14,5,2,1,0.5129043,1
2002,0,21.15,1,1,0,0,8.6,3.63,39,8,3,0,0,0.36970446,0
2002,2,21.4,0,0,1,2,6.44,3.35,34,6,2,2,0,0.35394338,0
2002,0,16.78,1,0,1,2,8.56,1.19,30,25,8,0,1,0.6939912,1
2002,0,19.33,1,1,0,1,4.24,1.9,35,31,10,5,1,0.83957607,1
2002,0,23.67,0,0,1,0,5.22,1.17,34,25,8,2,1,0.7326875,1
2002,0,24.02,0,1,0,0,4.21,3.51,34,10,3,5,1,0.5841683,1
2002,0,27.31,1,1,1,2,8.9,2.58,34,3,1,0,0,0.28492832,0
2002,2,16.51,0,1,0,1,7.23,1.59,33,18,6,1,1,0.5244196,1
2002,0,15.95,0,0,0,1,6.33,2.78,33,10,3,2,0,0.42474002,0
2002,0,26.5,0,1,1,2,8.98,1.63,31,7,2,0,0,0.3024744,0
2002,2,15.99,1,1,0,2,4.8,1.35,30,8,3,5,1,0.516504,1
2002,2,13.05,0,1,1,2,6.18,1.89,20,0,0,2,0,0.26137236,0
2002,0,20.52,0,0,1,1,9.58,3.81,27,18,6,4,1,0.7180288,1
2002,2,18.58,1,0,0,1,5.23,3.08,35,1,0,2,0,0.30237693,0
2002,2,13.83,0,1,1,0,7.65,3.41,36,11,4,1,1,0.39842576,0
2002,2,13.08,1,1,0,0,4.34,2.88,24,6,2,5,1,0.5133966,1
2002,2,23.33,1,0,0,0,7.5,1.36,22,17,6,1,1,0.61339587,1
2003,2,15.71,0,0,1,2,8.88,3.57,30,29,10,0,1,0.73230505,1
2003,0,20.2,1,1,1,0,4.91,1.89,25,8,3,5,1,0.5420531,1
2003,2,15.69,1,1,1,0,6.86,3.34,30,2,1,1,0,0.27025262,0
2003,0,27.51,1,1,0,0,4.98,3.96,20,7,2,5,1,0.5644032,1
2003,2,20.59,1,0,0,0,7.4,1.12,38,22,7,1,1,0.6638658,1
2003,0,21.49,1,1,1,1,9.45,1.07,20,8,3,4,0,0.5011824,1
2003,2,13.46,1,0,1,2,5.78,1.4,39,36,12,2,1,0.82744724,1
2003,0,15.52,1,0,1,2,4.75,3.78,21,18,6,5,1,0.72291744,1
2003,0,25.88,0,0,1,0,4.52,2.32,31,5,2,5,1,0.4870826,0
2003,2,24.04,1,0,0,0,6.29,3.9,35,30,10,2,1,0.8292229,1
2003,0,14.54,1,1,0,0,4.33,3.83,28,1,0,5,1,0.43212673,0
2003,0,26.09,0,0,0,1,7.6,2.0,20,0,0,1,0,0.298624,0
2003,0,25.21,1,0,1,2,5.3,1.02,24,11,4,2,1,0.5627337,1
2003,2,12.1,0,1,0,1,7.33,1.77,33,15,5,1,1,0.4344204,0
2003,0,21.87,0,0,1,1,7.79,3.08,29,23,8,1,1,0.7291198,1
2003,2,16.16,0,0,0,0,6.48,1.86,28,11,4,2,1,0.43472522,0
2003,0,13.71,0,1,1,0,5.32,1.51,29,29,10,2,1,0.7444196,1
2003,0,27.21,0,0,0,0,4.76,3.6,34,29,10,5,1,0.8474358,1
2003,0,18.72,1,0,0,2,6.15,1.74,31,10,3,2,0,0.48925313,0
2003,2,15.68,0,1,1,2,4.46,3.06,32,1,0,5,1,0.3643093,0
2003,2,27.49,0,0,0,0,4.14,1.95,38,1,0,5,1,0.3846467,0
2003,2,18.88,0,0,0,0,4.44,2.79,29,26,9,5,1,0.8002367,1
2003,2,21.6,1,1,0,1,8.79,2.86,38,19,6,0,1,0.5587845,1
2003,0,12.63,0,1,1,1,9.0,1.64,23,17,6,4,1,0.6180868,1
2003,0,15.87,0,0,0,1,4.36,1.65,36,8,3,5,1,0.5096252,1
2003,2,20.95,0,0,0,1,7.12,1.72,31,23,8,1,1,0.68726975,1
2003,2,12.16,1,1,0,2,9.98,1.2,26,0,0,4,0,0.35808992,0
2003,2,18.35,0,1,0,1,9.28,2.08,22,9,3,4,0,0.482491,0
2003,0,15.2,1,1,1,2,8.02,1.03,35,11,4,0,1,0.38229215,0
2003,0,12.83,0,0,1,0,6.83,1.88,39,39,13,1,1,0.8379086,1
2003,2,25.94,0,0,0,2,5.26,3.08,35,26,9,2,1,0.7857423,1
2003,0,25.08,0,0,1,2,7.4,2.7,37,21,7,1,1,0.6913809,1
2003,2,23.71,1,1,1,1,6.93,2.74,20,20,7,1,1,0.6415043,1
2003,2,25.95,0,0,0,0,7.08,1.15,36,12,4,1,1,0.4584044,0
2003,0,22.41,1,0,1,0,7.3,1.32,39,34,11,1,1,0.8464021,1
2003,2,19.4,1,1,0,0,9.17,3.5,29,12,4,4,1,0.580225,1
2003,0,17.53,0,0,0,0,6.58,1.1,34,31,10,1,1,0.7700487,1
2003,0,19.79,1,1,1,2,5.84,3.39,27,25,8,2,1,0.7366853,1
2003,0,16.43,1,0,0,0,7.69,3.63,38,2,1,1,0,0.29383856,0
2003,2,21.48,0,1,0,1,4.49,2.58,38,22,7,5,1,0.7414576,1
2003,0,23.45,1,1,1,2,8.87,1.23,39,28,9,0,1,0.74231255,1
2003,2,20.32,1,1,0,1,5.43,3.47,23,11,4,2,1,0.5127216,1
2003,2,19.59,0,1,0,1,8.15,2.38,32,31,10,0,1,0.7463261,1
2003,0,13.95,0,1,0,0,8.47,2.07,32,4,1,0,0,0.23236272,0
2003,2,14.37,0,0,1,0,9.46,1.38,25,8,3,4,0,0.43074742,0
2003,0,27.44,0,1,1,0,8.51,1.12,32,20,7,0,1,0.5971807,1
2003,0,27.23,0,0,1,1,9.08,3.61,21,3,1,4,0,0.45101693,0
2003,2,22.67,0,0,1,1,6.92,3.46,38,38,13,1,1,0.8768151,1
2003,2,16.93,1,1,0,0,5.9,3.52,30,19,6,2,1,0.61196905,1
2003,0,25.89,1,1,1,0,8.14,3.28,26,8,3,0,0,0.37330204,0
2003,0,12.49,1,1,1,0,9.17,1.56,20,20,7,4,1,0.66745055,1
2003,2,23.03,0,0,0,1,9.71,1.17,24,15,5,4,1,0.6233402,1
2003,2,22.82,0,1,0,0,5.97,2.76,39,6,2,2,0,0.37221697,0
2003,2,15.45,1,1,0,2,7.97,3.52,20,18,6,1,1,0.5608241,1
2003,2,22.54,1,0,0,0,8.51,1.05,39,39,13,0,1,0.86048156,1
2003,0,18.3,0,1,0,0,8.87,1.15,22,17,6,0,1,0.46327072,0
2003,0,22.53,1,0,0,2,9.15,1.98,33,6,2,4,0,0.50673556,1
2003,0,25.93,1,1,1,0,5.51,3.21,36,25,8,2,1,0.76774406,1
2003,2,12.09,0,0,0,1,6.77,3.44,33,3,1,1,0,0.2519626,0
2003,0,17.86,1,1,0,0,8.98,2.85,33,10,3,0,0,0.3630061,0
2003,0,23.13,0,0,1,2,4.63,3.11,39,38,13,5,1,0.90109754,1
2003,2,21.66,0,1,0,0,4.68,1.94,29,17,6,5,1,0.6745844,1
2003,2,23.49,1,0,1,0,6.21,1.7,31,28,9,2,1,0.78589374,1
2003,0,15.13,0,0,1,1,7.12,2.78,27,26,9,1,1,0.73426753,1
2003,2,26.37,1,0,1,0,7.03,2.34,30,1,0,1,0,0.28413108,0
2003,2,20.63,0,0,1,0,8.92,2.97,20,5,2,0,0,0.28262043,0
2003,0,20.8,0,0,1,1,9.49,1.59,31,13,4,4,1,0.5789055,1
2003,2,12.69,0,1,0,2,9.06,1.29,29,13,4,4,1,0.49270728,0
2003,0,25.44,0,0,1,0,6.09,1.8,28,9,3,2,0,0.43405274,0
2003,0,16.4,1,1,1,2,4.21,3.5,25,25,8,5,1,0.78614855,1
2003,0,18.78,1,0,0,0,5.4,1.49,22,11,4,2,1,0.5133813,1
2003,0,21.98,0,1,1,1,4.23,3.94,22,9,3,5,1,0.5618967,1
2003,0,23.79,0,0,0,1,6.67,3.4,39,28,9,1,1,0.79753464,1
2003,2,15.47,0,1,1,2,7.05,3.34,25,10,3,1,0,0.34634608,0
2003,2,23.12,1,0,0,1,9.95,3.21,39,28,9,4,1,0.81760365,1
2003,2,23.48,0,0,0,0,8.24,1.8,26,2,1,0,0,0.26806423,0
2003,0,13.37,0,1,1,0,5.85,1.44,21,20,7,2,1,0.5905651,1
2003,0,26.08,1,1,0,1,5.98,1.63,32,4,1,2,0,0.37735128,0
2003,2,21.0,0,0,1,1,4.42,1.3,30,19,6,5,1,0.6879158,1
2003,0,27.32,0,1,0,2,9.46,1.82,24,24,8,4,1,0.76601714,1
2003,2,22.64,0,1,1,2,9.12,3.96,33,4,1,4,0,0.38016558,0
2003,0,20.64,0,0,1,0,5.2,2.49,21,7,2,2,0,0.36624485,0
2003,2,21.98,1,1,1,0,6.26,3.13,26,18,6,2,1,0.6179102,1
2003,0,24.51,0,1,0,2,5.01,1.21,36,3,1,2,0,0.3173702,0
2003,0,23.34,1,0,1,0,5.86,2.08,20,18,6,2,1,0.6465244,1
2003,2,12.58,1,0,1,2,7.02,2.6,28,1,0,1,0,0.25709766,0
2003,2,21.61,1,1,1,2,5.64,2.89,31,11,4,2,1,0.47430232,0
2003,0,20.25,0,1,0,1,9.73,2.25,29,17,6,4,1,0.66226876,1
2003,0,15.34,1,0,1,1,6.35,1.71,38,13,4,2,1,0.4921313,0
2003,2,15.46,0,0,1,1,6.06,2.7,22,16,5,2,1,0.5112699,1
2003,0,14.28,0,0,1,1,9.46,2.6,25,12,4,4,1,0.5479437,1
2003,2,14.19,0,0,0,0,8.46,2.84,23,21,7,0,1,0.55857277,1
2003,2,20.77,1,0,0,2,8.57,1.72,29,19,6,0,1,0.59727746,1
2003,2,13.57,1,0,0,1,6.6,1.7,32,16,5,1,1,0.5032681,1
2003,2,17.19,1,1,1,0,8.76,3.9,35,16,5,0,1,0.457691,0
2003,2,25.45,0,1,0,2,5.12,3.31,36,33,11,2,1,0.8359461,1
2003,0,16.74,1,0,1,1,7.98,3.88,30,2,1,1,0,0.29112774,0
2003,0,13.94,0,0,1,0,6.36,2.94,33,22,7,2,1,0.6615907,1
2003,2,24.39,0,1,0,1,9.13,3.62,37,27,9,4,1,0.80594456,1
2003,0,24.99,0,1,1,1,7.81,2.51,21,11,4,1,1,0.43585476,0
2003,2,26.85,0,1,1,2,5.93,2.64,29,16,5,2,1,0.5649743,1
2003,0,15.16,0,0,1,1,5.55,3.62,38,28,9,2,1,0.7737747,1
2003,0,25.54,0,1,1,2,7.39,3.37,27,3,1,1,0,0.28720334,0
2003,0,24.42,1,1,1,1,9.54,3.6,34,14,5,4,1,0.6328845,1
2003,0,12.69,1,0,1,0,7.61,3.28,32,25,8,1,1,0.6971555,1
2003,0,16.76,1,0,1,1,5.66,2.47,28,20,7,2,1,0.6815299,1
2003,0,19.38,0,1,1,1,8.42,1.72,34,10,3,0,0,0.32907867,0
2003,2,15.95,1,0,0,2,6.85,2.46,33,32,11,1,1,0.7998276,1
2003,0,23.73,0,0,1,1,9.83,1.92,30,8,3,4,0,0.51067746,1
2003,2,14.38,0,1,1,0,7.46,3.13,27,7,2,1,0,0.29214016,0
2003,2,19.18,0,1,1,0,4.71,2.69,23,19,6,5,1,0.6929148,1
2003,0,23.55,0,0,1,2,4.27,1.61,36,23,8,5,1,0.7907525,1
2003,0,21.91,0,1,1,0,7.47,3.17,39,0,0,1,0,0.23898244,0
2003,2,13.23,1,0,0,0,8.55,1.8,23,11,4,0,1,0.40424073,0
2003,0,13.42,0,0,0,2,9.11,1.85,32,0,0,4,0,0.31520906,0
2003,0,23.77,0,0,0,1,4.6,2.62,38,22,7,5,1,0.77568007,1
2003,0,18.56,1,1,0,0,7.45,2.4,20,20,7,1,1,0.61105984,1
2003,0,17.35,1,1,0,1,9.4,2.46,32,12,4,4,1,0.5590372,1
2003,0,25.96,0,0,1,0,8.54,3.17,31,23,8,0,1,0.71339655,1
2003,0,14.54,0,1,1,1,6.55,1.16,33,10,3,1,0,0.35423848,0
2003,0,13.1,0,1,1,2,9.31,2.68,39,12,4,4,1,0.51227075,1
2003,0,19.8,0,1,1,2,9.63,1.41,27,17,6,4,1,0.6524814,1
2003,0,13.0,1,0,0,2,5.99,3.09,28,0,0,2,0,0.3131888,0
2003,2,26.4,0,1,0,2,8.43,1.73,32,27,9,0,1,0.7167734,1
2003,0,27.7,0,1,1,0,8.81,1.78,28,3,1,0,0,0.2568837,0
2003,0,16.1,1,1,1,2,6.61,2.01,37,36,12,1,1,0.83982265,1
2003,0,21.74,1,1,1,2,8.54,2.05,20,1,0,0,0,0.2668892,0
2003,2,14.42,0,1,0,1,6.67,1.46,24,24,8,1,1,0.60718346,1
2003,0,15.61,0,1,1,1,8.45,2.1,26,12,4,0,1,0.36388013,0
2003,2,20.7,1,0,1,0,9.31,3.96,28,1,0,4,0,0.36846823,0
2003,0,27.13,1,1,1,1,8.21,2.66,28,11,4,0,1,0.43669426,0
2003,2,19.4,1,1,1,2,4.04,3.53,39,8,3,5,1,0.5002308,1
2003,0,13.0,1,1,1,1,6.21,3.68,20,11,4,2,1,0.45806184,0
2003,2,14.64,0,1,0,0,9.19,3.39,30,17,6,4,1,0.6391814,1
2003,2,15.28,0,0,0,0,9.8,1.52,20,14,5,4,1,0.5771846,1
2003,0,20.0,0,1,1,0,7.5,3.04,14,0,0,1,0,0.24032192,0
2003,0,20.98,1,1,1,2,8.65,3.53,15,0,0,0,0,0.26649958,0
2003,0,19.0,0,0,1,1,7.66,3.09,32,0,0,1,1,0.23148474,0
2003,0,14.0,1,0,1,0,6.98,2.82,32,0,0,1,0,0.24727187,0
2003,0,22.0,0,0,1,1,6.6,2.44,32,0,0,3,0,0.2938241,0
2003,0,12.0,1,1,0,0,7.69,3.12,32,0,0,1,0,0.2520939,0
2003,0,11.0,1,1,1,1,6.46,2.41,32,0,0,3,1,0.30551466,0
2003,0,14.0,1,1,1,0,6.31,2.26,32,0,0,3,1,0.3072945,0
2003,0,10.0,1,0,1,1,7.11,2.76,32,0,0,1,1,0.2479735,0
2003,0,24.0,0,1,0,1,7.46,3.03,32,0,0,1,0,0.24898182,0
2003,0,10.0,1,1,0,1,6.99,2.79,32,0,0,1,1,0.25282192,0
2003,0,19.0,0,0,0,1,7.63,3.12,32,0,0,1,1,0.24258228,0
2003,0,11.0,0,0,0,0,5.17,1.59,32,3,1,5,1,0.3957478,0
2003,0,13.0,0,0,0,0,6.49,2.43,29,0,0,3,1,0.2838736,0
2003,0,14.23,0,0,0,0,7.3,2.93,29,0,0,1,1,0.23126034,0
2003,0,15.0,0,0,1,0,6.97,2.82,29,0,0,1,1,0.22572583,0
2003,0,12.65,0,0,0,0,5.99,2.21,29,2,1,3,1,0.31812257,0
2003,0,14.75,0,0,0,0,5.17,1.59,32,3,1,5,0,0.40536466,0
2003,0,17.0,1,1,1,1,5.63,1.77,30,0,0,5,1,0.38544524,0
2004,0,12.29,0,0,1,0,6.04,3.09,35,6,2,2,0,0.33552152,0
2004,0,18.15,1,0,1,2,7.95,2.44,23,15,5,1,1,0.5482845,1
2004,2,24.58,0,0,0,0,6.4,3.63,33,14,5,2,1,0.5692035,1
2004,2,26.07,1,0,1,2,6.49,2.67,29,20,7,2,1,0.7004607,1
2004,2,23.14,0,0,0,0,7.46,1.15,34,12,4,1,1,0.43683583,0
2004,2,15.58,1,1,0,1,4.48,1.55,32,11,4,5,1,0.55774117,1
2004,0,21.28,1,0,1,2,6.38,3.32,30,0,0,2,0,0.3121985,0
2004,0,14.07,1,1,1,1,6.6,2.29,24,6,2,1,0,0.3336253,0
2004,0,20.81,0,1,1,0,8.97,2.3,22,15,5,0,1,0.43735212,0
2004,2,17.96,1,0,1,2,7.78,2.17,34,26,9,1,1,0.7164545,1
2004,0,22.85,0,1,0,2,9.62,1.84,33,21,7,4,1,0.71710783,1
2004,2,16.27,0,0,1,0,6.89,4.0,27,23,8,1,1,0.6648675,1
2004,0,22.54,0,1,0,2,4.13,1.25,21,19,6,5,1,0.68777335,1
2004,2,17.36,1,0,1,0,4.29,3.85,25,7,2,5,1,0.4928165,0
2004,0,27.7,1,0,1,2,8.71,3.2,28,17,6,0,1,0.6241004,1
2004,2,22.11,0,0,0,2,7.59,3.99,36,24,8,1,1,0.7132162,1
2004,2,22.14,0,1,1,2,9.75,2.61,22,0,0,4,0,0.34806663,0
2004,0,17.47,1,1,1,1,4.36,2.81,23,8,3,5,1,0.5440587,1
2004,2,21.31,0,1,0,1,5.21,2.15,39,10,3,2,0,0.4128795,0
2004,0,25.94,0,0,1,0,7.07,2.45,39,1,0,1,0,0.24889706,0
2004,0,14.08,1,0,0,0,4.87,3.43,20,2,1,5,1,0.47827506,0
2004,0,27.95,1,0,0,0,4.59,2.71,21,2,1,5,1,0.5204565,1
2004,2,24.72,1,1,0,0,7.87,3.6,31,7,2,1,0,0.40521964,0
2004,0,22.47,1,1,0,2,4.46,2.37,34,6,2,5,1,0.5159687,1
2004,2,16.37,1,1,1,0,5.02,2.18,27,23,8,2,1,0.67094946,1
2004,2,26.31,1,0,0,2,7.33,2.58,32,5,2,1,0,0.42023593,0
2004,2,25.83,0,0,1,0,6.94,2.16,32,4,1,1,0,0.28201082,0
2004,0,19.57,0,1,1,1,6.49,2.06,30,9,3,2,0,0.39284387,0
2004,0,14.97,1,0,0,0,6.01,2.47,22,17,6,2,1,0.60719275,1
2004,2,24.33,0,1,1,1,9.74,1.93,26,4,1,4,0,0.3907207,0
2004,2,25.52,0,1,1,1,7.6,3.92,25,2,1,1,0,0.28947148,0
2004,0,21.87,1,1,0,1,5.07,3.04,27,8,3,2,0,0.45787266,0
2004,2,24.74,1,1,0,0,8.79,3.15,36,8,3,0,0,0.39727774,0
2004,2,19.87,0,1,1,2,6.1,1.63,35,29,10,2,1,0.7692946,1
2004,2,13.03,0,0,1,1,8.69,3.52,33,25,8,0,1,0.6234996,1
2004,2,16.3,0,1,1,2,5.44,3.53,27,17,6,2,1,0.54757917,1
2004,2,13.16,1,1,1,2,6.46,1.22,35,29,10,2,1,0.73506975,1
2004,0,13.41,0,0,0,1,6.38,2.52,25,6,2,2,0,0.34790522,0
2004,0,13.26,0,0,0,1,9.7,3.53,39,9,3,4,0,0.49256742,0
2004,0,26.98,0,1,0,0,4.97,3.43,25,3,1,5,1,0.46737814,0
2004,0,26.32,0,1,1,1,5.57,1.47,26,9,3,2,0,0.41481376,0
2004,0,15.51,1,1,0,0,5.73,1.7,33,30,10,2,1,0.77693033,1
2004,2,15.19,1,0,0,1,6.44,3.33,37,34,11,2,1,0.82242537,1
2004,0,17.94,1,0,0,0,8.5,2.92,21,16,5,0,1,0.5226164,1
2004,0,12.64,0,1,0,0,7.43,2.31,24,5,2,1,0,0.28011382,0
2004,0,23.6,0,1,1,1,5.48,3.07,31,11,4,2,1,0.4701725,0
2004,2,15.37,1,0,1,1,5.03,1.32,25,14,5,2,1,0.5070131,1
2004,2,19.12,0,0,1,0,7.39,3.13,33,1,0,1,0,0.22268018,0
2004,2,21.49,0,0,1,0,9.59,1.83,23,18,6,4,1,0.6597101,1
2004,2,16.13,0,1,1,0,9.28,1.79,29,9,3,4,0,0.44597661,0
2004,0,13.18,1,1,1,0,7.0,3.93,22,2,1,1,0,0.29037935,0
2004,2,14.72,1,1,0,2,8.05,1.2,23,6,2,0,0,0.32476372,0
2004,0,18.89,0,0,0,1,5.88,1.39,29,3,1,2,0,0.30981213,0
2004,0,15.29,1,1,0,2,8.38,2.92,21,1,0,0,0,0.26222777,0
2004,2,25.41,0,0,0,1,5.99,2.31,20,11,4,2,1,0.5094186,1
2004,2,26.9,1,1,0,2,4.82,1.55,32,6,2,5,1,0.51645875,1
2004,2,23.82,0,1,1,1,4.32,3.23,23,15,5,5,1,0.64674723,1
2004,2,21.91,0,0,0,2,9.32,1.1,33,25,8,4,1,0.7576603,1
2004,2,19.67,0,1,1,0,5.62,1.71,32,30,10,2,1,0.7724734,1
2004,2,18.08,0,1,1,1,5.79,1.64,34,7,2,2,0,0.33026215,0
2004,2,25.01,1,1,1,1,9.85,2.94,31,13,4,4,1,0.5795084,1
2004,2,22.36,0,1,0,1,9.28,1.93,39,25,8,4,1,0.7532234,1
2004,0,15.9,0,0,1,1,7.05,2.22,21,2,1,1,0,0.2657624,0
2004,2,12.96,1,1,0,1,9.9,1.88,29,2,1,4,0,0.3862643,0
2004,0,16.98,1,0,0,1,7.89,3.72,25,24,8,1,1,0.7164315,1
2004,2,16.36,0,0,0,2,5.54,2.36,34,29,10,2,1,0.7730882,1
2004,2,13.71,0,0,0,1,6.07,1.31,20,6,2,2,0,0.33724266,0
2004,2,21.63,0,0,0,2,4.72,3.46,26,2,1,5,1,0.45009926,0
2004,0,25.11,1,0,1,0,4.41,2.06,30,14,5,5,1,0.66778374,1
2004,2,21.78,0,1,1,0,4.71,3.05,32,17,6,5,1,0.6869459,1
2004,0,18.58,0,1,1,1,7.07,2.89,37,35,12,1,1,0.8357303,1
2004,0,24.49,1,0,0,1,4.66,2.71,21,15,5,5,1,0.69879496,1
2004,0,25.8,1,1,1,2,8.05,1.32,29,28,9,0,1,0.74692297,1
2004,0,27.8,1,0,0,1,5.49,1.52,21,1,0,2,0,0.40528676,0
2004,0,23.08,0,0,0,2,6.07,3.74,25,19,6,2,1,0.67429006,1
2004,2,14.05,1,1,1,2,6.42,3.16,24,0,0,2,0,0.2917535,0
2004,0,17.17,1,1,0,0,4.41,2.96,31,9,3,5,1,0.5591698,1
2004,2,20.3,1,0,1,0,6.5,1.05,20,1,0,1,0,0.27930263,0
2004,0,22.41,1,0,1,0,4.64,1.8,35,7,2,5,1,0.49806598,0
2004,0,20.53,0,0,1,1,9.72,2.99,32,10,3,4,0,0.520449,1
2004,0,19.44,1,0,1,1,7.81,1.49,38,14,5,1,1,0.5141434,1
2004,0,19.21,1,1,1,1,5.48,2.89,39,15,5,2,1,0.5439372,1
2004,0,24.1,0,0,1,1,9.16,2.25,29,19,6,4,1,0.7162796,1
2004,2,26.83,0,1,0,0,7.07,1.84,34,16,5,1,1,0.52359784,1
2004,0,14.04,1,1,1,1,4.96,2.08,21,9,3,5,1,0.5386398,1
2004,2,16.89,1,0,1,0,6.26,3.66,28,23,8,2,1,0.704424,1
2004,0,19.95,0,0,1,2,6.11,1.28,26,12,4,2,1,0.48814535,0
2004,2,26.05,1,1,1,2,9.89,1.49,24,1,0,4,0,0.40601027,0
2004,0,17.54,1,1,0,2,9.32,2.76,27,7,2,4,0,0.47232762,0
2004,2,22.25,1,0,1,0,9.3,2.46,34,32,11,4,1,0.85279346,1
2004,2,19.36,1,1,1,0,7.66,2.48,28,21,7,1,1,0.6161997,1
2004,2,23.07,1,0,0,2,5.85,2.13,33,9,3,2,0,0.480475,0
2004,0,16.16,1,0,0,1,6.79,3.33,20,6,2,1,0,0.3934802,0
2004,0,24.16,0,1,0,2,5.36,3.02,34,31,10,2,1,0.817348,1
2004,2,15.86,1,1,0,1,9.77,1.74,21,3,1,4,0,0.42409757,0
2004,2,24.82,0,1,0,1,6.93,2.17,35,15,5,1,1,0.50780827,1
2004,0,19.0,0,0,0,0,6.14,1.93,29,13,4,2,1,0.48634452,0
2004,0,12.61,0,1,0,0,8.5,3.43,34,34,11,0,1,0.7667359,1
2004,0,22.55,0,1,0,2,8.49,3.32,32,26,9,0,1,0.71937466,1
2004,0,13.36,0,1,1,0,5.51,1.87,20,17,6,2,1,0.53121495,1
2004,0,13.15,1,0,0,0,4.74,1.15,23,19,6,5,1,0.68877596,1
2004,2,17.65,1,0,0,2,5.45,1.05,21,15,5,2,1,0.5756501,1
2004,2,17.6,0,1,0,2,9.03,1.13,29,2,1,4,0,0.3646096,0
2004,2,14.79,0,0,1,0,7.6,3.8,21,4,1,1,0,0.2595471,0
2004,2,12.34,0,0,0,0,6.05,2.38,27,5,2,2,0,0.31198922,0
2004,0,21.84,1,0,1,0,6.84,1.52,24,16,5,1,1,0.5497113,1
2004,2,18.91,0,1,0,1,8.0,2.25,33,24,8,0,1,0.6284019,1
2004,2,19.03,1,0,0,0,6.61,3.56,23,0,0,1,0,0.30053848,0
2004,2,22.33,1,0,0,1,8.36,3.16,36,2,1,0,0,0.2981675,0
2004,0,26.7,1,0,0,1,7.6,1.7,30,16,5,1,1,0.6121701,1
2004,0,23.66,0,1,1,1,8.37,1.38,23,21,7,0,1,0.5850048,1
2004,0,15.42,0,1,0,1,5.19,2.54,27,24,8,2,1,0.6847597,1
2004,0,25.45,0,1,0,1,5.11,2.61,35,35,12,2,1,0.85345185,1
2004,2,23.02,1,0,1,2,6.08,3.5,28,21,7,2,1,0.69557333,1
2004,0,15.26,0,0,1,0,6.91,1.51,22,7,2,1,0,0.30802584,0
2004,2,27.33,1,1,1,1,7.03,2.37,37,10,3,1,0,0.41366848,0
2004,0,16.89,1,1,1,1,4.72,1.06,22,20,7,5,1,0.7215836,1
2004,2,26.03,1,0,1,2,4.22,2.26,22,10,3,5,1,0.6013837,1
2004,2,21.49,0,1,0,2,9.06,1.16,38,29,10,4,1,0.7950248,1
2004,2,12.94,0,0,0,2,5.69,3.02,30,26,9,2,1,0.71425426,1
2004,0,18.74,0,0,1,1,7.62,2.23,21,11,4,1,1,0.42971778,0
2004,0,14.95,0,0,1,0,9.28,1.5,20,15,5,4,1,0.58649236,1
2004,2,25.31,1,0,1,0,5.86,2.74,35,20,7,2,1,0.6863902,1
2004,0,16.15,0,1,0,0,5.81,1.1,39,5,2,2,0,0.3262214,0
2004,0,19.94,1,1,1,2,5.25,2.22,20,10,3,2,0,0.46317625,0
2004,2,24.25,1,1,0,0,8.61,1.43,37,14,5,0,1,0.49030647,0
2004,2,22.51,0,0,1,1,6.67,2.54,26,14,5,1,1,0.49446663,0
2004,2,16.19,0,0,1,2,9.48,1.96,25,8,3,4,0,0.4588983,0
2004,0,26.99,1,0,0,1,9.9,2.21,25,24,8,4,1,0.7894324,1
2004,2,12.84,1,1,0,1,7.86,3.76,33,8,3,1,0,0.36537656,0
2004,2,20.37,1,0,0,0,6.85,3.12,34,25,8,1,1,0.72343993,1
2004,0,13.84,1,0,0,0,5.01,1.57,24,11,4,2,1,0.48815942,0
2004,2,25.76,0,0,0,1,6.13,2.1,31,24,8,2,1,0.7335445,1
2004,0,23.57,0,1,0,0,6.4,1.32,39,12,4,2,1,0.47268105,0
2004,2,14.65,1,0,0,0,6.52,3.73,35,28,9,1,1,0.7403723,1
2004,0,20.2,0,0,0,0,9.87,3.76,37,13,4,4,1,0.612628,1
2004,2,12.83,0,0,0,2,9.46,3.22,32,27,9,4,1,0.76711833,1
2004,0,24.11,1,1,0,0,6.85,1.26,33,6,2,1,0,0.36384192,0
2004,0,18.0,0,0,0,0,6.09,2.33,30,2,1,3,0,0.33453465,0
2004,0,17.0,0,0,1,1,5.75,1.87,30,5,2,5,1,0.4537798,0
2004,0,22.0,1,1,0,0,6.78,2.4,30,2,1,3,0,0.3814296,0
2004,0,18.0,1,1,1,1,4.69,1.3,30,4,2,5,1,0.47067302,0
2004,0,11.0,1,1,1,0,5.33,1.6,30,0,0,5,1,0.38758132,0
2004,0,18.0,0,0,0,1,6.09,2.33,30,2,1,3,1,0.33832398,0
2004,0,20.0,1,0,1,1,7.31,2.83,30,0,0,1,0,0.26797536,0
2004,0,11.0,0,1,0,1,5.69,1.77,30,3,1,5,1,0.40117463,0
2004,0,15.0,0,0,0,1,6.21,2.17,30,0,0,3,1,0.28830743,0
2004,0,25.0,0,0,0,0,8.17,3.33,30,0,0,0,0,0.24740386,0
2004,0,22.0,1,1,1,1,7.71,3.13,30,0,0,1,0,0.2634198,0
2004,0,17.0,0,1,0,1,4.68,1.2,30,5,2,5,1,0.45101538,0
2004,0,19.0,1,1,1,1,5.73,1.9,30,0,0,5,1,0.38719165,0
2004,0,12.4,0,0,0,0,7.71,3.13,30,0,0,1,0,0.2294008,0
2004,0,12.4,0,0,0,0,7.71,3.13,30,0,0,1,1,0.2294008,0
2004,0,21.25,1,0,0,0,6.33,2.33,30,0,0,3,0,0.35735217,0
2004,0,24.23,0,0,1,0,7.09,2.77,30,0,0,1,0,0.24319468,0
2004,0,12.25,0,0,0,1,4.79,1.4,30,5,2,5,1,0.44670427,0
2004,0,18.5,1,1,0,0,6.09,2.13,30,0,0,3,0,0.33306804,0
2004,0,15.89,0,0,0,0,6.95,2.6,30,0,0,1,0,0.23311597,0
2004,0,11.58,1,1,1,1,5.59,1.7,30,3,1,5,0,0.42353845,0
2004,1,15.23,0,0,0,0,6.17,2.27,30,0,0,3,1,0.2783598,0
2004,0,14.32,0,0,0,0,5.31,1.43,30,5,2,5,1,0.4489462,0
2004,0,9.0,0,0,0,0,4.67,1.33,30,5,2,5,0,0.433543,0
2004,0,12.58,0,0,0,0,6.84,2.67,30,0,0,1,0,0.22713003,0
2004,0,14.28,1,1,1,0,5.45,1.7,30,2,1,5,0,0.41996366,0
2004,0,20.0,0,0,0,0,6.14,2.17,30,0,0,3,1,0.3026079,0
2004,1,15.23,0,0,0,0,6.17,2.27,30,0,0,3,1,0.2783598,0
2005,0,16.02,0,0,0,2,3.1,0.87,15,10,4,1,1,0.4268603,0
2005,0,25.61,1,0,1,1,5.1,2.53,15,2,1,1,0,0.3711435,0
2005,0,20.37,0,1,1,2,3.1,1.37,15,2,1,3,1,0.36739665,0
2005,0,13.84,0,1,1,2,3.1,1.17,15,7,3,3,1,0.42927662,0
2005,0,25.76,1,1,1,2,3.1,1.07,15,3,1,5,1,0.5104342,1
2005,0,23.57,1,1,1,0,3.1,1.33,15,5,2,3,1,0.4312551,0
2005,0,13.08,0,1,1,0,2.1,0.88,13,3,2,5,1,0.4330983,0
2005,0,23.33,0,1,0,1,2.1,0.87,15,3,1,5,1,0.4411335,0
2006,0,19.48,1,0,0,0,4.1,1.87,15,2,1,5,1,0.49528915,0
2006,0,21.81,0,0,0,2,4.1,1.5,15,5,2,5,1,0.5304581,1
2006,0,14.67,0,1,1,1,5.94,1.93,15,5,2,5,1,0.45446345,0
2006,0,27.86,1,0,0,2,4.09,0.87,15,8,3,5,1,0.62544745,1
2006,0,15.71,0,0,1,2,4.51,1.4,15,2,0,5,1,0.41892982,0
2006,0,27.08,1,0,0,2,4.71,1.27,15,5,2,5,1,0.5954431,1
2006,0,22.39,1,0,0,0,5.14,1.53,15,2,1,5,1,0.50261414,1
2006,0,21.72,0,1,1,1,4.03,1.03,15,7,3,5,1,0.51126426,1
2006,0,20.2,1,1,1,0,3.9,1.03,15,5,2,5,1,0.49123278,0
2006,0,15.69,1,1,1,0,3.93,0.97,15,7,3,5,1,0.5160878,1
2006,0,14.82,0,1,1,0,6.01,1.97,15,2,1,5,1,0.39840716,0
2006,0,15.53,1,1,1,0,4.75,1.37,15,2,1,5,1,0.44420803,0
2006,0,14.98,1,1,0,0,4.31,0.8,15,19,4,5,1,0.61281544,1
2006,0,24.47,0,1,0,1,4.62,1.07,15,2,1,5,1,0.45007807,0
2006,0,17.6,1,1,1,2,5.98,2.17,15,2,1,3,0,0.40038478,0
2006,0,12.93,0,1,0,0,4.84,1.37,15,4,2,5,1,0.4445592,0
2006,0,27.51,1,1,0,0,5.39,1.73,15,2,1,5,1,0.49682936,0
2006,0,26.14,0,1,0,1,5.66,1.77,15,2,1,5,1,0.46363297,0
2006,0,20.73,1,1,1,2,4.1,1.5,15,5,2,5,1,0.5299156,1
2005,0,14.65,1,0,0,0,6.49,2.23,15,3,1,3,0,0.41552523,0
2005,0,27.13,1,1,1,1,6.49,2.23,15,3,1,3,0,0.42214024,0
2005,0,25.6,1,0,1,2,5.71,1.97,15,2,0,5,1,0.51045024,1
2005,0,22.7,0,0,0,0,3.88,1.11,15,10,2,5,1,0.51449066,1
2005,0,19.4,1,1,1,2,4.09,1.03,15,8,0,5,1,0.4919297,0
2005,0,20.73,1,1,1,2,5.34,1.54,15,0,0,5,1,0.44752365,0
2005,0,13.0,1,1,1,1,4.89,1.4,15,5,1,5,1,0.46403018,0
2005,0,20.2,0,0,0,0,6.36,2.3,15,2,0,3,0,0.34953177,0
2005,0,24.9,0,1,1,2,5.95,1.33,15,3,1,5,1,0.4606586,0
2005,0,24.58,1,1,0,1,4.37,1.17,15,7,3,5,1,0.56701624,1
2005,0,22.7,0,0,0,0,5.45,1.7,15,3,1,5,1,0.45992032,0
2005,0,19.4,1,1,1,2,5.83,1.93,15,5,2,5,1,0.5181401,1
2005,0,18.59,0,1,0,1,5.63,1.8,15,3,1,5,1,0.44245714,0
