Năm sinh,Giới tính,Điểm đầu vào,"Độ hài lòng với trường (0,1)","Bệnh trầm cảm (0,1)","Tăng giảm chú ý (0,1)","Hoàn cảnh gia đình (0-Nghèo,1-Trung lưu,2-Khá giả)",Điểm TB HK1 (hệ 10),Điểm TB HK1 (hệ 4),Tín chỉ đăng ký HK1,Tín chỉ rớt HK1,Số môn rớt HK1,Xếp loại học lực
1998,Nam,24.47,0,1,0,1,5,2,28,26,9,Trung Bình
1998,Nữ,27.92,0,1,0,2,4.35,3.67,31,15,5,Yếu
1998,Nam,14.78,1,1,0,1,7.31,2.38,27,5,2,Khá
1998,Nữ,27.29,0,0,0,0,4.48,3.35,27,7,2,Yếu
1998,Nam,18.54,1,1,0,1,6.86,2.43,26,4,1,Khá
1998,Nam,19.93,1,1,0,2,5.66,2.01,22,5,2,Trung Bình
1998,Nam,25.62,1,0,1,2,5.06,2.36,35,28,9,Trung Bình
1998,Nam,23.33,0,1,1,0,8.89,2.53,36,14,5,Giỏi
1998,Nữ,24.48,0,1,1,0,7.63,2.22,31,5,2,Khá
1998,Nam,13.64,1,0,0,0,7.14,3.08,26,13,4,Khá
1998,Nam,23.33,0,1,0,0,4.98,3.32,22,16,5,Yếu
1998,Nam,21.93,0,0,0,0,4.31,2.3,30,4,1,Yếu
1998,Nữ,12.73,1,0,1,2,6.39,3.35,23,8,3,Trung Bình
1998,Nữ,27.58,1,0,0,1,6.9,3.38,35,25,8,Khá
1998,Nữ,27.5,1,0,1,0,6.3,2.73,26,4,1,Trung Bình
1998,Nữ,12.35,0,0,0,0,4.43,2.51,26,20,7,Yếu
1998,Nam,24.33,0,0,0,0,9.27,2.94,35,0,0,Xuất Sắc
1998,Nam,19.22,0,0,1,1,5.11,1.42,32,31,10,Trung Bình
1998,Nữ,23.1,0,0,0,2,4.27,2.75,36,12,4,Yếu
1998,Nam,22.89,0,0,1,0,5.78,1.28,37,0,0,Trung Bình
1998,Nam,16.39,1,1,0,2,9.69,3.9,27,17,6,Xuất Sắc
1998,Nữ,12.5,1,1,1,2,8.02,3.21,35,3,1,Giỏi
1998,Nữ,24.43,0,0,1,2,4.59,1.58,26,4,1,Yếu
1998,Nam,19.7,1,0,1,0,8.07,2.82,39,18,6,Giỏi
1998,Nam,19.69,1,0,0,0,8.82,2.23,31,5,2,Giỏi
1998,Nữ,12.53,0,0,1,0,4.95,3.57,30,25,8,Yếu
1998,Nữ,14.12,0,1,1,0,9.44,3.06,21,16,5,Xuất Sắc
1998,Nữ,21.08,0,0,1,2,9.95,1.94,25,14,5,Xuất Sắc
1998,Nam,23.03,0,0,1,1,5.25,1.18,24,10,3,Trung Bình
1998,Nữ,14.68,1,1,1,0,6.9,2.23,27,23,8,Khá
1998,Nữ,23.3,1,1,0,2,7.56,3.3,29,23,8,Khá
1998,Nam,23.34,1,0,1,1,7.42,3.18,28,1,0,Khá
1998,Nữ,24.83,1,0,0,1,4.15,1.68,27,1,0,Yếu
1998,Nữ,19.24,0,0,1,2,8.78,1.82,21,10,3,Giỏi
1998,Nam,20.42,1,1,0,2,7.66,2,27,14,5,Khá
1998,Nữ,13.31,1,1,1,2,4.8,3.67,31,22,7,Yếu
1998,Nam,14.91,0,0,1,1,5.71,1.55,25,18,6,Trung Bình
1998,Nam,22.54,0,1,0,2,4.14,1.97,21,4,1,Yếu
1998,Nam,19.97,1,1,0,1,7.51,1.77,36,30,10,Khá
1998,Nữ,23.51,1,0,1,2,5.05,1.4,31,27,9,Trung Bình
1998,Nữ,13.16,1,0,1,2,9.38,3.3,31,9,3,Xuất Sắc
1998,Nam,12.49,0,1,0,1,5.18,1.34,36,25,8,Trung Bình
1998,Nữ,19.02,0,0,1,1,5.19,1.4,27,2,1,Trung Bình
1998,Nữ,21.97,0,1,0,0,7.11,2.95,35,7,2,Khá
1998,Nữ,22.1,0,0,1,2,5.28,3.6,27,8,3,Trung Bình
1998,Nam,18.26,0,0,1,1,8.32,2.02,39,36,12,Giỏi
1998,Nam,27.51,0,0,0,0,5.72,3.99,26,15,5,Trung Bình
1998,Nữ,17.2,0,1,1,0,5.39,3.79,26,4,1,Trung Bình
1998,Nam,27.52,0,1,1,1,5.32,3.18,30,15,5,Trung Bình
1998,Nam,19.26,1,0,1,0,4.83,3.51,28,19,6,Yếu
1998,Nam,23.31,0,1,0,1,9.86,3.74,35,7,2,Xuất Sắc
1998,Nữ,12.59,0,0,1,2,5.82,2.09,21,3,1,Trung Bình
1998,Nữ,22.62,1,1,0,0,8.6,3.1,30,13,4,Giỏi
1998,Nam,13.79,0,1,0,1,7.45,1.93,26,24,8,Khá
1998,Nam,16.32,0,0,0,0,5.24,2.58,23,11,4,Trung Bình
1998,Nam,19.24,0,0,0,0,5.39,3.05,24,16,5,Trung Bình
1998,Nữ,20.12,1,0,0,0,5.19,1.8,38,16,5,Trung Bình
1998,Nữ,22.23,0,0,0,1,5.1,3.67,28,8,3,Trung Bình
1998,Nam,19.28,0,0,1,0,6.26,2.38,25,21,7,Trung Bình
1998,Nam,22.77,0,1,1,0,5.81,2.65,38,25,8,Trung Bình
1998,Nữ,13.5,0,0,0,1,9.14,1.31,25,25,8,Xuất Sắc
1998,Nam,19.1,1,0,0,0,4.88,3.46,24,20,7,Yếu
1998,Nam,22.93,0,0,0,1,7.87,2.64,25,10,3,Khá
1998,Nam,19.95,0,1,0,2,7.06,1.27,37,27,9,Khá
1998,Nữ,24.52,1,1,0,2,9.24,2.88,21,1,0,Xuất Sắc
1998,Nữ,26.06,0,1,0,1,8.3,3.03,23,5,2,Giỏi
1998,Nam,18.97,0,1,1,1,5.14,3.89,20,11,4,Trung Bình
1998,Nữ,25.09,0,0,0,1,8.32,2.89,33,25,8,Giỏi
1998,Nữ,15.8,0,0,0,2,8.18,3.24,38,23,8,Giỏi
1998,Nam,13.17,1,0,0,2,8.35,2.92,34,2,1,Giỏi
1998,Nữ,25.81,0,1,1,0,8.07,3.14,20,10,3,Giỏi
1998,Nữ,18.38,1,1,1,0,8.65,1.43,38,11,4,Giỏi
1998,Nữ,21.73,1,0,1,1,4.06,3.74,35,1,0,Yếu
1998,Nữ,16.11,1,1,0,2,6.49,3.75,30,20,7,Trung Bình
1998,Nam,16.56,0,1,1,2,6.53,1.8,32,32,11,Khá
1998,Nữ,16.92,0,0,0,0,8.71,3.69,24,6,2,Giỏi
1998,Nam,22.9,0,1,1,2,7.58,1.56,25,18,6,Khá
1998,Nam,21.08,0,1,0,1,4.33,2.27,33,5,2,Yếu
1998,Nam,24.9,0,1,1,2,4,2.93,30,30,10,Yếu
1998,Nam,17.65,0,1,0,1,7.73,2.37,28,14,5,Khá
1998,Nam,19.23,0,1,0,2,6.35,3.96,30,0,0,Trung Bình
1998,Nữ,21.71,1,0,1,0,8.67,2.29,26,12,4,Giỏi
1998,Nam,15.07,1,0,1,0,5.4,1.71,23,0,0,Trung Bình
1998,Nữ,17.19,0,0,1,0,4.36,3.9,21,5,2,Yếu
1998,Nữ,27.91,1,1,0,1,5.92,3.39,33,22,7,Trung Bình
1998,Nữ,23.69,0,1,1,0,4.73,3.89,30,12,4,Yếu
1998,Nam,14.8,0,0,0,2,5.14,3.45,36,33,11,Trung Bình
1998,Nam,20.57,1,1,0,1,4.47,2.03,30,2,1,Yếu
1998,Nữ,25.47,1,0,1,1,5.71,3.53,36,21,7,Trung Bình
1998,Nữ,25.22,0,1,1,2,8.15,2.91,33,25,8,Giỏi
1998,Nam,19.16,0,0,0,2,4.24,2.81,37,7,2,Yếu
1998,Nam,13.29,0,0,0,1,5.15,3.29,26,15,5,Trung Bình
1998,Nữ,22.26,1,0,1,2,8.85,2.55,21,15,5,Giỏi
1998,Nam,14.8,1,1,1,2,8.89,2.77,23,22,7,Giỏi
1998,Nam,20.04,0,1,0,0,6.29,1.63,32,4,1,Trung Bình
1998,Nam,27.41,1,0,1,0,8.18,3.01,28,11,4,Giỏi
1998,Nam,20.79,1,0,0,0,6.18,2.34,22,4,1,Trung Bình
1998,Nữ,12.93,0,1,0,1,5.44,1.58,25,17,6,Trung Bình
1998,Nam,13.62,1,0,0,2,4.74,1.39,28,9,3,Yếu
1998,Nữ,18.82,0,0,0,0,7.21,3.13,31,26,9,Khá
1998,Nữ,19.2,1,1,0,2,9.5,1.25,27,14,5,Xuất Sắc
1998,Nam,25.24,1,1,0,2,6.03,2.76,37,37,12,Trung Bình
1998,Nam,24.31,1,0,0,0,8.43,3.9,29,19,6,Giỏi
1998,Nam,12.31,0,1,1,2,5.54,3.15,26,9,3,Trung Bình
1998,Nam,12.19,1,1,0,0,6.05,1.99,28,23,8,Trung Bình
1998,Nam,27.35,0,0,1,0,6.11,3.2,20,14,5,Trung Bình
1998,Nam,13.76,0,1,1,2,7.41,1.64,26,9,3,Khá
1998,Nam,19.27,1,0,1,2,8.87,1.84,39,19,6,Giỏi
1998,Nữ,25.51,0,0,1,1,6.05,2.23,20,12,4,Trung Bình
1998,Nữ,14.4,0,1,1,2,6.18,3.64,24,3,1,Trung Bình
1998,Nữ,18.31,1,0,1,2,8.83,3.04,32,22,7,Giỏi
1998,Nữ,27.29,0,1,1,2,6.41,3.37,21,13,4,Trung Bình
1998,Nữ,23.01,1,1,1,1,8.49,2.87,30,9,3,Giỏi
1998,Nam,20.29,1,0,0,2,9.74,3.81,30,30,10,Xuất Sắc
1998,Nữ,23.46,1,1,0,2,6.68,3.86,23,22,7,Khá
1998,Nam,27.49,0,0,1,1,4.41,1.22,37,15,5,Yếu
1998,Nam,18.11,1,0,0,1,8.89,2.46,27,23,8,Giỏi
1998,Nữ,12.67,0,0,1,0,4.53,3.89,25,6,2,Yếu
1998,Nữ,17.41,1,0,0,2,4.25,1.4,38,16,5,Yếu
1998,Nữ,17.95,0,0,0,1,9.15,1.27,25,8,3,Xuất Sắc
1998,Nữ,21.81,0,0,0,1,9.72,3.57,34,3,1,Xuất Sắc
1998,Nữ,20.09,1,1,0,1,8.83,3.85,28,20,7,Giỏi
1998,Nữ,23.72,1,1,0,1,4.51,2.18,21,8,3,Yếu
1998,Nam,21.04,0,1,1,1,7.35,3.54,20,15,5,Khá
1998,Nam,22.18,0,1,1,0,9.54,2,23,16,5,Xuất Sắc
1998,Nữ,24.18,1,1,1,0,7.01,2.48,22,5,2,Khá
1998,Nam,14.56,0,0,1,0,5.97,2.72,29,2,1,Trung Bình
1998,Nam,23.93,0,1,0,0,5.44,1.77,27,2,1,Trung Bình
1998,Nam,17.89,1,0,1,2,8.61,3.28,38,24,8,Giỏi
1998,Nữ,17.23,0,1,0,0,4.37,1.62,27,23,8,Yếu
1998,Nữ,27.94,0,0,0,1,4.32,3.33,31,1,0,Yếu
1998,Nam,18.26,0,0,1,1,5.57,3.56,28,4,1,Trung Bình
1998,Nam,16.32,0,1,0,0,7.78,3.11,35,26,9,Khá
1998,Nữ,17.35,0,1,1,1,5.91,1.16,32,5,2,Trung Bình
1998,Nữ,24.56,0,1,0,1,9.55,1.34,28,5,2,Xuất Sắc
1998,Nam,23.32,0,1,0,0,4.34,1.01,23,18,6,Yếu
1998,Nam,22.18,0,0,0,2,4.48,3.8,29,18,6,Yếu
1998,Nam,17.8,1,1,1,0,7.89,2.54,36,18,6,Khá
1998,Nam,12.42,1,1,1,0,7.74,2.88,34,21,7,Khá
1998,Nữ,16.37,0,1,1,2,5.21,2.62,21,1,0,Trung Bình
1998,Nữ,18.87,1,0,0,2,5.1,3.23,22,21,7,Trung Bình
1998,Nam,24.84,0,0,1,2,7.7,1.46,33,27,9,Khá
1998,Nữ,19.73,0,1,1,2,5.96,1.75,36,15,5,Trung Bình
1998,Nữ,13.29,0,0,1,2,4.89,1.76,36,23,8,Yếu
1998,Nữ,18.99,1,0,0,0,4.78,3.96,31,15,5,Yếu
1998,Nữ,14.17,0,1,1,0,4.13,1.16,32,9,3,Yếu
1998,Nam,24.43,1,0,0,2,8.06,3.36,39,24,8,Giỏi
1998,Nữ,12.54,0,1,1,2,5.65,1.44,33,5,2,Trung Bình
1998,Nam,26.5,0,1,1,1,8.2,2.93,21,19,6,Giỏi
1998,Nữ,12.35,1,1,1,1,4.38,3.53,39,11,4,Yếu
1998,Nữ,22.62,1,0,0,1,6.32,1.63,34,2,1,Trung Bình
1998,Nam,27.55,0,1,1,2,5.96,2.2,34,16,5,Trung Bình
1998,Nam,25.61,1,0,1,2,4.35,1.45,34,16,5,Yếu
1998,Nam,20.98,1,0,1,2,5.8,3.4,22,5,2,Trung Bình
1998,Nữ,16.14,1,0,0,2,8.79,1.5,34,31,10,Giỏi
1998,Nữ,17.28,0,1,0,1,6.74,3.16,31,22,7,Khá
1999,Nữ,13.43,0,0,1,2,4.69,1.61,20,7,2,Yếu
1999,Nam,22.39,1,0,0,0,7.89,1.58,21,20,7,Khá
1999,Nam,14.82,0,1,1,0,7.61,2.41,27,19,6,Khá
1999,Nam,12.93,0,1,0,0,6.35,2.03,21,3,1,Trung Bình
1999,Nữ,14.46,0,1,0,2,6.07,1.29,25,6,2,Trung Bình
1999,Nữ,16.16,1,0,0,1,8.97,3.66,39,3,1,Giỏi
1999,Nữ,22.93,1,0,0,2,9.25,3.89,33,12,4,Xuất Sắc
1999,Nam,13.22,1,0,0,0,9.83,2.53,30,5,2,Xuất Sắc
1999,Nam,19.92,0,1,0,0,8.33,1.84,27,25,8,Giỏi
1999,Nữ,21.48,0,1,0,0,6.43,1.43,30,1,0,Trung Bình
1999,Nữ,23.16,1,1,0,1,4.79,1.95,34,29,10,Yếu
1999,Nữ,21.9,1,1,0,0,7.86,1.91,39,38,13,Khá
1999,Nữ,25.95,0,0,0,0,9.41,2.71,36,18,6,Xuất Sắc
1999,Nam,23.9,1,0,0,1,8.92,1.27,38,6,2,Giỏi
1999,Nữ,14.57,0,1,0,1,8.96,1.48,32,6,2,Giỏi
1999,Nam,25.31,0,1,1,0,6.12,2.61,39,13,4,Trung Bình
1999,Nam,20.12,1,1,0,2,8.8,1.04,34,0,0,Giỏi
1999,Nữ,27.41,1,0,1,1,5.11,2.49,30,28,9,Trung Bình
1999,Nữ,26.91,1,1,1,2,8.58,2.63,33,20,7,Giỏi
1999,Nam,16.38,1,0,0,0,4.29,3.9,28,6,2,Yếu
1999,Nam,18.82,1,1,0,0,4.26,3.59,32,0,0,Yếu
1999,Nam,13.32,1,0,1,1,9.05,2.12,32,14,5,Xuất Sắc
1999,Nam,17.9,1,0,1,0,6.46,1.15,24,24,8,Trung Bình
1999,Nữ,24.18,1,0,0,1,8.37,2.23,22,1,0,Giỏi
1999,Nữ,22.02,1,0,1,1,5.89,2.33,32,1,0,Trung Bình
1999,Nam,23.12,0,1,1,0,8.39,1.38,25,4,1,Giỏi
1999,Nam,25.76,0,1,1,2,6.52,1.87,25,1,0,Khá
1999,Nữ,20.28,0,1,1,2,8.05,1.8,34,21,7,Giỏi
1999,Nam,25.04,0,1,1,1,8.68,2.83,38,30,10,Giỏi
1999,Nữ,12.97,1,1,0,0,5.57,2.71,21,12,4,Trung Bình
1999,Nam,27.61,1,1,0,1,4.04,2.48,26,5,2,Yếu
1999,Nữ,15.66,0,1,0,2,6.83,3.78,36,26,9,Khá
1999,Nữ,27.94,0,0,1,0,4.55,3.6,29,10,3,Yếu
1999,Nữ,25.89,0,0,1,0,7.46,2.73,30,6,2,Khá
1999,Nam,18.81,0,0,1,1,8.86,2.59,28,16,5,Giỏi
1999,Nam,18.75,0,0,0,0,6.56,1.44,37,5,2,Khá
1999,Nữ,15.96,0,0,1,1,9.32,2.83,29,27,9,Xuất Sắc
1999,Nữ,22.51,0,1,0,2,4.3,1.84,36,9,3,Yếu
1999,Nam,15.78,0,1,0,0,9.15,3.92,31,0,0,Xuất Sắc
1999,Nữ,17.39,1,1,0,0,8.55,2.94,32,8,3,Giỏi
1999,Nữ,21.87,1,1,1,2,5.26,3.95,26,20,7,Trung Bình
1999,Nam,23.78,0,0,1,0,8.69,3.48,26,13,4,Giỏi
1999,Nam,19.82,0,0,0,0,4.37,3.01,26,26,9,Yếu
1999,Nữ,14.23,1,0,0,1,4.65,1.73,25,24,8,Yếu
1999,Nữ,12.48,1,1,0,2,5.49,2.26,30,20,7,Trung Bình
1999,Nam,27.63,1,1,1,1,8.45,1.82,23,2,1,Giỏi
1999,Nữ,20.54,0,1,1,0,4.84,2.5,22,22,7,Yếu
1999,Nam,24.24,0,1,1,1,7.27,1.44,33,24,8,Khá
1999,Nữ,27.29,0,1,0,2,6.14,1.47,30,15,5,Trung Bình
1999,Nam,12.12,1,0,1,2,6.64,3.26,36,9,3,Khá
1999,Nữ,26.83,1,0,0,0,4.83,3.95,29,27,9,Yếu
1999,Nữ,17.63,1,1,1,2,4.44,2.06,25,9,3,Yếu
1999,Nữ,13.62,1,1,1,1,7.98,2.69,23,2,1,Khá
1999,Nam,19.77,0,1,0,2,7.57,1.76,31,7,2,Khá
1999,Nam,23.46,1,0,1,2,6.75,3.9,28,10,3,Khá
1999,Nam,18.62,1,0,0,1,8.51,3.84,27,19,6,Giỏi
1999,Nam,14.9,0,1,0,0,5.93,1.9,35,24,8,Trung Bình
1999,Nam,23.34,0,1,1,1,9.52,1.43,29,27,9,Xuất Sắc
1999,Nam,15.65,1,1,1,1,9.57,2.61,39,24,8,Xuất Sắc
1999,Nam,15.39,0,1,0,1,6.58,3.03,20,18,6,Khá
1999,Nam,15.79,0,0,1,1,8.31,3.67,29,23,8,Giỏi
1999,Nữ,22.68,1,1,1,0,4.32,3.08,30,12,4,Yếu
1999,Nữ,13.53,1,1,0,1,5.14,3.02,25,12,4,Trung Bình
1999,Nam,14.69,1,0,1,2,6.05,1.73,32,6,2,Trung Bình
1999,Nam,21.25,1,1,1,1,6.02,1.08,21,21,7,Trung Bình
1999,Nữ,13.27,1,0,0,1,4,2.88,38,25,8,Yếu
1999,Nam,13.11,0,0,0,2,5.75,1.32,20,5,2,Trung Bình
1999,Nữ,13.08,1,0,1,2,6.26,3.73,33,21,7,Trung Bình
1999,Nữ,15.74,0,1,1,2,9.43,3.46,24,12,4,Xuất Sắc
1999,Nữ,22.59,0,1,0,1,4.99,1.41,20,12,4,Yếu
1999,Nữ,20.92,0,0,0,1,8.7,3.93,36,15,5,Giỏi
1999,Nam,12.96,1,1,1,1,4.74,1.9,22,3,1,Yếu
1999,Nam,14.44,0,1,0,0,9.46,1.36,38,13,4,Xuất Sắc
1999,Nam,13.4,0,1,0,2,4.93,2.3,27,14,5,Yếu
1999,Nữ,26.99,0,0,1,1,7.28,3.39,32,17,6,Khá
1999,Nam,27.87,0,0,0,1,4.26,1.05,28,0,0,Yếu
1999,Nam,25.62,0,1,1,1,5.07,3.62,25,19,6,Trung Bình
1999,Nữ,25.08,1,0,1,2,8.58,1.96,26,12,4,Giỏi
1999,Nữ,25.89,0,0,1,2,6.29,3.88,35,15,5,Trung Bình
1999,Nữ,24.89,1,0,0,2,8.65,3.55,20,19,6,Giỏi
1999,Nam,16.87,0,1,0,2,7.77,2.22,24,7,2,Khá
1999,Nam,27.61,1,1,1,0,7.75,2.37,20,16,5,Khá
1999,Nữ,19.79,0,0,1,1,6.14,3.2,29,20,7,Trung Bình
1999,Nữ,27.45,0,0,0,0,8.94,2.46,26,20,7,Giỏi
1999,Nữ,21.91,1,1,0,0,8.1,3.75,24,15,5,Giỏi
1999,Nam,12.98,0,1,0,2,5.9,3.16,26,1,0,Trung Bình
1999,Nam,27.92,1,0,0,2,6.32,2.39,21,1,0,Trung Bình
1999,Nam,23.12,0,0,1,1,4.88,3.74,36,31,10,Yếu
1999,Nữ,27.74,0,0,0,1,5.79,2.01,20,16,5,Trung Bình
1999,Nam,15.83,1,0,1,0,4.54,3.86,38,21,7,Yếu
1999,Nữ,13.94,0,1,1,1,4.04,2.89,24,12,4,Yếu
1999,Nam,20.15,0,0,0,0,4.97,2.87,23,10,3,Yếu
1999,Nam,25.02,0,0,1,1,5.23,3.33,27,4,1,Trung Bình
1999,Nam,17.88,1,0,0,1,6.23,3,29,8,3,Trung Bình
1999,Nữ,19.7,0,0,0,0,4.3,1.74,20,14,5,Yếu
1999,Nam,22.2,0,1,0,0,5.75,2.22,27,25,8,Trung Bình
1999,Nữ,27.3,1,1,1,1,4.24,2.73,31,22,7,Yếu
1999,Nữ,23.8,1,0,0,1,9.86,2.94,29,8,3,Xuất Sắc
1999,Nữ,24.39,0,1,1,1,7.3,1.43,25,12,4,Khá
1999,Nữ,16.24,0,0,0,2,7.44,2.63,20,10,3,Khá
1999,Nam,16.73,0,0,1,0,9.38,3.05,32,21,7,Xuất Sắc
1999,Nữ,24.31,1,1,1,1,4.72,2.51,34,32,11,Yếu
1999,Nữ,20.48,1,0,0,0,9.22,1.47,34,18,6,Xuất Sắc
1999,Nữ,27.5,1,1,0,0,8.66,2.56,30,11,4,Giỏi
1999,Nam,16.69,1,1,1,1,5.09,2.88,39,0,0,Trung Bình
1999,Nam,27.68,0,0,0,2,6.58,1.76,39,23,8,Khá
1999,Nam,24.08,0,0,1,1,6.28,1.71,38,17,6,Trung Bình
1999,Nữ,19.37,0,0,1,2,7.7,3.14,29,25,8,Khá
1999,Nữ,27.75,0,1,1,0,8,1.48,35,3,1,Giỏi
1999,Nam,14.64,0,0,1,1,6.94,1.32,22,19,6,Khá
1999,Nam,23.62,0,0,1,2,6.02,2,25,21,7,Trung Bình
1999,Nam,15.24,1,1,1,2,5.17,1.73,29,27,9,Trung Bình
1999,Nam,12.05,0,1,0,0,6.69,2.06,30,2,1,Khá
1999,Nam,21.41,1,1,0,2,4.64,1.54,30,15,5,Yếu
1999,Nữ,13.04,0,0,0,1,8.6,1.59,23,17,6,Giỏi
1999,Nữ,21.28,0,1,0,2,9.8,3.83,31,26,9,Xuất Sắc
1999,Nam,20.97,0,1,0,2,9.19,2.13,25,12,4,Xuất Sắc
1999,Nữ,27.97,0,1,0,2,4.1,1.23,36,9,3,Yếu
1999,Nam,24.57,1,0,0,1,8.1,2.91,32,28,9,Giỏi
1999,Nữ,13.89,1,1,1,2,9.6,3.41,28,1,0,Xuất Sắc
1999,Nữ,25.44,1,0,1,2,4.76,2.08,33,33,11,Yếu
1999,Nam,12.39,1,0,1,1,4.79,3.84,35,19,6,Yếu
1999,Nam,27.05,1,1,1,2,8.06,1.56,27,11,4,Giỏi
1999,Nam,14.14,0,0,1,1,6.81,2.12,30,10,3,Khá
1999,Nam,16.35,1,1,0,0,9.61,3.91,39,18,6,Xuất Sắc
1999,Nam,24.15,0,0,1,0,8.51,1.07,38,5,2,Giỏi
1999,Nữ,27.41,1,0,1,2,5.7,1.22,20,5,2,Trung Bình
1999,Nữ,18.7,0,0,0,1,8.31,2.95,23,13,4,Giỏi
1999,Nữ,16.16,1,0,1,0,9.86,1.27,37,31,10,Xuất Sắc
1999,Nam,23.69,0,0,1,1,6.26,3.84,34,21,7,Trung Bình
1999,Nữ,21.05,1,1,1,2,9.69,2.49,36,6,2,Xuất Sắc
1999,Nam,13.31,1,1,0,0,4.91,3.34,28,19,6,Yếu
1999,Nam,22.7,0,0,0,0,7.03,2.14,38,23,8,Khá
1999,Nam,18.59,0,1,0,1,8.15,2.93,36,18,6,Giỏi
1999,Nam,22.42,0,0,0,1,7.97,2.95,25,12,4,Khá
1999,Nữ,20.73,1,1,1,2,4.23,3.6,23,23,8,Yếu
1999,Nữ,24.58,1,1,0,1,8.3,3.27,27,1,0,Giỏi
2000,Nam,22.87,1,0,0,0,9.99,1.21,38,19,6,Xuất Sắc
2000,Nam,18.68,1,0,0,1,9.3,3.48,35,1,0,Xuất Sắc
2000,Nam,27.12,1,0,0,2,6.32,1.16,38,27,9,Trung Bình
2000,Nữ,19.48,1,0,0,0,7.96,3.92,22,8,3,Khá
2000,Nam,27.86,1,0,0,2,4.37,2.41,37,28,9,Yếu
2000,Nam,18.34,0,1,0,2,7.57,3.13,24,13,4,Khá
2000,Nữ,24.13,0,1,1,0,9.23,3.95,20,13,4,Xuất Sắc
2000,Nam,26.04,1,0,1,0,4.86,2.4,20,19,6,Yếu
2000,Nam,25.79,1,0,1,1,9.64,1.03,29,25,8,Xuất Sắc
2000,Nam,22.48,0,1,0,1,7.52,3.68,28,25,8,Khá
2000,Nữ,25.61,1,1,0,1,9.9,1.46,34,1,0,Xuất Sắc
2000,Nam,24.13,1,1,0,2,7.03,1.71,26,20,7,Khá
2000,Nam,12.39,0,1,1,2,4.37,1.67,31,16,5,Yếu
2000,Nam,17.18,0,0,1,1,7.44,1.78,26,24,8,Khá
2000,Nam,19.82,1,1,1,2,7.4,1.03,29,4,1,Khá
2000,Nữ,22.93,0,0,1,2,7.35,2.53,27,16,5,Khá
2000,Nữ,18.92,1,1,1,0,7.11,3.9,39,30,10,Khá
2000,Nam,22.22,0,0,0,1,9.94,2.04,24,24,8,Xuất Sắc
2000,Nữ,18.36,1,1,1,0,8.11,3.69,28,7,2,Giỏi
2000,Nữ,27.74,1,1,1,1,4.86,2.33,35,8,3,Yếu
2000,Nam,15.41,1,0,1,2,4.03,1.82,24,23,8,Yếu
2000,Nam,25.9,1,1,0,0,5.06,1.96,34,5,2,Trung Bình
2000,Nam,26.73,0,1,1,2,4.58,1.72,37,24,8,Yếu
2000,Nữ,24.76,1,0,0,2,9.25,2.38,29,8,3,Xuất Sắc
2000,Nữ,18.28,0,1,1,1,9.87,1.6,36,34,11,Xuất Sắc
2000,Nam,19.68,1,1,1,1,5.09,2.04,35,30,10,Trung Bình
2000,Nam,17.22,1,1,0,1,4.81,1.95,37,14,5,Yếu
2000,Nữ,24.81,0,1,0,1,6.13,3.1,37,4,1,Trung Bình
2000,Nữ,12.51,0,1,0,1,7.45,1.91,31,28,9,Khá
2000,Nữ,20.66,0,0,1,2,7.32,2.34,24,21,7,Khá
2000,Nữ,17.43,0,1,1,1,6.13,2.99,39,38,13,Trung Bình
2000,Nữ,20.76,0,0,0,1,8.17,3.26,24,7,2,Giỏi
2000,Nữ,17.39,0,0,0,2,6.98,1.93,22,21,7,Khá
2000,Nữ,20.89,0,1,0,2,9.65,2.39,31,12,4,Xuất Sắc
2000,Nữ,16.12,1,0,1,0,4.14,2.93,23,15,5,Yếu
2000,Nam,25.87,1,0,0,2,5.08,1.88,36,25,8,Trung Bình
2000,Nữ,21.26,1,1,0,1,5.61,2.64,27,20,7,Trung Bình
2000,Nữ,26.6,0,0,0,0,4.53,2.4,34,32,11,Yếu
2000,Nữ,14.11,1,0,1,2,6.4,2.88,37,36,12,Trung Bình
2000,Nữ,14.87,0,1,1,0,7.9,1.15,30,22,7,Khá
2000,Nam,14.9,1,0,0,2,9.6,1.78,36,18,6,Xuất Sắc
2000,Nữ,19.88,1,1,0,1,4.92,3.83,32,4,1,Yếu
2000,Nữ,25.93,1,1,0,0,6.75,3.5,26,14,5,Khá
2000,Nữ,20.24,1,1,1,2,7.98,1.34,20,12,4,Khá
2000,Nam,24.38,1,0,1,2,9.38,1.07,20,19,6,Xuất Sắc
2000,Nữ,25.26,0,0,1,2,8.56,2.94,38,31,10,Giỏi
2000,Nữ,25.89,1,0,1,2,8.03,3.79,30,16,5,Giỏi
2000,Nam,12.91,1,1,1,2,7.03,1.2,30,1,0,Khá
2000,Nam,20.5,1,0,1,1,5.87,3.92,21,11,4,Trung Bình
2000,Nam,26.99,1,1,0,2,6.56,2.08,35,23,8,Khá
2000,Nữ,17.06,1,0,1,1,5.61,3.15,31,5,2,Trung Bình
2000,Nam,12.08,0,1,0,2,9.38,2.79,24,4,1,Xuất Sắc
2000,Nữ,25.89,0,1,0,1,9.74,2.35,30,29,10,Xuất Sắc
2000,Nam,23.27,0,1,1,1,8.85,3.63,26,16,5,Giỏi
2000,Nam,27.11,0,1,1,0,7,2.03,38,28,9,Khá
2000,Nam,25.9,1,0,0,1,5.87,2.75,30,11,4,Trung Bình
2000,Nam,21.13,0,0,0,2,8.81,1.56,20,17,6,Giỏi
2000,Nữ,13.71,0,1,0,0,5.88,3.46,28,2,1,Trung Bình
2000,Nữ,27.99,0,1,0,1,4.79,2.05,36,20,7,Yếu
2000,Nữ,12.77,0,0,1,0,8.23,2.79,33,12,4,Giỏi
2000,Nữ,24.93,1,1,0,1,5.01,1.39,24,11,4,Trung Bình
2000,Nam,24.77,0,0,1,2,7.29,3.58,39,36,12,Khá
2000,Nữ,18.22,1,1,0,2,9.03,3.5,27,13,4,Xuất Sắc
2000,Nữ,19.42,1,1,0,2,4.28,2.74,36,9,3,Yếu
2000,Nam,21.28,1,1,1,2,6.36,3.28,36,2,1,Trung Bình
2000,Nam,12.29,0,0,0,2,6.06,3.05,36,13,4,Trung Bình
2000,Nữ,26.95,0,1,0,2,5.5,1.88,30,11,4,Trung Bình
2000,Nam,24.85,0,0,1,2,5.17,1.31,25,24,8,Trung Bình
2000,Nữ,13.95,1,0,0,0,7.08,3.03,38,36,12,Khá
2000,Nữ,27.22,0,0,0,0,5.01,3.77,26,22,7,Trung Bình
2000,Nữ,26.4,1,1,0,2,6.25,1.12,28,27,9,Trung Bình
2000,Nam,13.53,0,1,0,0,9.17,3.73,34,9,3,Xuất Sắc
2000,Nam,27.86,0,1,0,1,4.04,2.9,29,28,9,Yếu
2000,Nữ,26.31,0,0,0,2,5.45,3.47,39,10,3,Trung Bình
2000,Nam,15.63,0,0,0,2,5.12,2.22,39,31,10,Trung Bình
2000,Nữ,15.75,1,1,0,0,8.62,1.21,29,3,1,Giỏi
2000,Nam,27.88,0,0,1,2,8.92,2.74,20,6,2,Giỏi
2000,Nam,24.64,1,1,0,2,6.06,3.59,38,31,10,Trung Bình
2000,Nam,14.12,1,1,1,0,6.01,2.27,39,31,10,Trung Bình
2000,Nam,21.7,0,1,0,1,4.89,1.7,23,4,1,Yếu
2000,Nữ,14.34,0,0,0,2,5.18,2.88,37,19,6,Trung Bình
2000,Nam,17.88,0,0,1,1,5.42,3.49,21,4,1,Trung Bình
2000,Nam,14.16,1,0,0,0,7.61,3.6,38,23,8,Khá
2000,Nam,18.92,0,0,0,2,5.22,1.61,29,9,3,Trung Bình
2000,Nữ,14.43,1,0,1,2,8.14,2.35,28,20,7,Giỏi
2000,Nữ,24.49,0,1,1,0,4.33,2.76,31,13,4,Yếu
2000,Nữ,16.85,1,1,1,0,6.9,2.63,21,21,7,Khá
2000,Nữ,16.9,0,0,0,0,7.28,1.49,35,6,2,Khá
2000,Nữ,23.74,1,0,0,0,9.71,1.33,29,13,4,Xuất Sắc
2000,Nữ,12.18,1,1,0,1,7.58,1.52,26,8,3,Khá
2000,Nữ,19.81,0,0,0,1,9.46,3.05,21,8,3,Xuất Sắc
2000,Nữ,19.62,1,1,1,0,7.74,2.02,36,24,8,Khá
2000,Nữ,18.01,0,0,1,2,8.45,1.02,35,21,7,Giỏi
2000,Nữ,24.59,0,0,0,1,8.04,2.85,32,28,9,Giỏi
2000,Nữ,19.38,1,1,0,2,5.22,3.84,29,25,8,Trung Bình
2000,Nữ,21.82,1,0,0,2,9.8,3.72,25,7,2,Xuất Sắc
2000,Nữ,23.8,0,0,0,2,6.85,3.37,35,19,6,Khá
2000,Nữ,14.96,0,0,0,2,8.37,2.7,21,8,3,Giỏi
2000,Nam,22.56,0,1,0,2,8.62,3.47,35,0,0,Giỏi
2000,Nam,24.23,1,1,0,1,9.85,1.04,31,6,2,Xuất Sắc
2000,Nam,24.78,0,1,0,1,9.09,1.22,30,12,4,Xuất Sắc
2000,Nữ,22.5,1,0,0,0,5.18,2.36,28,6,2,Trung Bình
2000,Nam,16.57,1,1,0,2,4.73,1.3,25,23,8,Yếu
2000,Nữ,16.04,1,0,0,2,5,2.92,26,13,4,Trung Bình
2000,Nữ,25.47,0,0,1,0,9.82,3.62,28,22,7,Xuất Sắc
2000,Nam,22.5,1,0,0,0,8.57,2.78,32,0,0,Giỏi
2000,Nữ,20.68,0,1,1,1,6.62,3.54,25,15,5,Khá
2000,Nam,15.01,1,0,1,2,7.69,1.97,22,14,5,Khá
2000,Nữ,12.08,1,0,1,0,4.45,2.34,33,18,6,Yếu
2000,Nam,24.18,1,0,1,2,4.64,3.9,21,17,6,Yếu
2000,Nam,26.18,1,0,0,2,6.63,3.23,33,28,9,Khá
2000,Nam,18.6,1,1,0,2,6.53,1.59,31,31,10,Khá
2000,Nam,19.97,1,0,0,2,6.89,3.97,39,31,10,Khá
2000,Nam,15.53,0,0,0,2,7.36,2.13,26,12,4,Khá
2000,Nữ,26.93,1,0,1,0,9.78,1.05,32,29,10,Xuất Sắc
2000,Nữ,18.14,0,1,1,1,7.49,1.33,35,4,1,Khá
2000,Nữ,20.29,1,0,1,0,9.45,1.15,36,34,11,Xuất Sắc
2000,Nữ,25.47,1,1,0,0,6.84,1.41,39,23,8,Khá
2000,Nữ,14.98,1,0,0,2,5.35,3.51,35,17,6,Trung Bình
2000,Nam,23.65,1,0,1,0,9.91,2.47,38,30,10,Xuất Sắc
2000,Nam,12.91,0,0,1,1,4.52,1.51,29,9,3,Yếu
2000,Nữ,19.2,1,1,1,2,9.65,3.41,21,19,6,Xuất Sắc
2000,Nữ,14.23,1,1,1,2,8.59,3.35,24,20,7,Giỏi
2000,Nam,22.47,0,0,0,2,9.22,2.21,22,22,7,Xuất Sắc
2000,Nữ,15.17,1,0,1,1,5.08,1.15,29,6,2,Trung Bình
2000,Nữ,16.02,0,0,1,1,5.37,2.12,38,2,1,Trung Bình
2000,Nam,19.33,1,1,0,1,7.59,2.17,26,2,1,Khá
2000,Nữ,19.76,1,1,1,1,7.99,2.74,21,7,2,Khá
2000,Nam,24.9,0,1,1,2,6.52,1.28,38,15,5,Khá
2000,Nữ,19.35,1,0,1,0,7.01,2.63,28,28,9,Khá
2001,Nữ,27.8,0,0,0,0,7.04,1.25,27,23,8,Khá
2001,Nữ,14.67,0,1,1,1,7.89,1.87,28,13,4,Khá
2001,Nữ,21.72,0,1,1,1,9.73,1.39,31,12,4,Xuất Sắc
2001,Nam,15.53,1,1,1,0,7.49,1.68,31,14,5,Khá
2001,Nam,17.6,1,1,1,2,4.76,3.82,34,32,11,Yếu
2001,Nam,26.84,0,1,1,1,5.25,1.54,21,21,7,Trung Bình
2001,Nữ,25.05,0,0,1,1,8.82,3.16,31,27,9,Giỏi
2001,Nữ,15.59,1,1,1,2,7.24,1.85,27,20,7,Khá
2001,Nam,16.25,0,1,1,1,4.91,2.82,27,2,1,Yếu
2001,Nữ,26.22,0,1,1,1,7.57,1.08,36,33,11,Khá
2001,Nữ,23.57,1,0,0,2,8.7,3.68,37,10,3,Giỏi
2001,Nữ,13.3,1,0,0,0,9.65,2.85,33,21,7,Xuất Sắc
2001,Nữ,25.19,0,1,0,2,7.1,2.74,22,21,7,Khá
2001,Nữ,17.56,0,1,1,0,7.48,1.85,36,26,9,Khá
2001,Nữ,21.05,1,1,1,1,8.03,2.21,25,11,4,Giỏi
2001,Nam,26.06,1,0,0,1,8.86,1.16,24,20,7,Giỏi
2001,Nam,25.39,1,0,1,2,5.68,1.78,20,17,6,Trung Bình
2001,Nam,22.88,0,0,1,1,6.64,1.26,33,10,3,Khá
2001,Nam,12.47,1,0,1,0,6.3,3.73,32,22,7,Trung Bình
2001,Nam,25.09,1,1,0,2,7.53,3.88,20,1,0,Khá
2001,Nam,16.59,1,0,1,2,8.96,2.35,27,17,6,Giỏi
2001,Nữ,20.64,0,1,0,0,7.25,2.6,30,14,5,Khá
2001,Nữ,27,0,0,1,1,5.36,2.55,27,3,1,Trung Bình
2001,Nam,23.01,0,1,1,2,8,3.97,20,4,1,Giỏi
2001,Nam,13.09,0,0,1,0,4.48,2.83,23,5,2,Yếu
2001,Nữ,23.99,1,0,1,2,9.03,2.03,30,10,3,Xuất Sắc
2001,Nữ,14.62,1,0,0,2,7.25,2.71,23,15,5,Khá
2001,Nữ,15.53,0,1,0,2,9.68,3.15,21,10,3,Xuất Sắc
2001,Nam,27.1,1,0,1,0,5.48,3.87,29,15,5,Trung Bình
2001,Nam,14.1,0,1,1,0,6.36,2.73,26,8,3,Trung Bình
2001,Nam,13.88,0,1,1,2,7.28,1.27,20,18,6,Khá
2001,Nam,22.97,1,0,0,2,9.53,1.19,36,13,4,Xuất Sắc
2001,Nam,19.28,1,1,0,0,5.35,1.4,37,5,2,Trung Bình
2001,Nam,16.67,1,0,0,2,6.01,2.63,27,5,2,Trung Bình
2001,Nữ,27.79,1,1,1,0,8.15,2.1,34,30,10,Giỏi
2001,Nữ,14.28,0,0,1,1,4.84,2.17,28,20,7,Yếu
2001,Nam,19.98,0,0,0,0,6.49,3.93,26,11,4,Trung Bình
2001,Nữ,21.89,1,0,1,0,7.29,3.86,29,24,8,Khá
2001,Nữ,23.24,0,0,0,2,6.42,3.4,35,31,10,Trung Bình
2001,Nữ,17.61,1,1,0,2,4.8,3.33,31,2,1,Yếu
2001,Nam,13.67,1,1,0,2,6.51,1.99,39,1,0,Khá
2001,Nữ,13.28,1,1,0,0,7.38,3.75,33,20,7,Khá
2001,Nam,22.3,0,1,1,0,8.41,2.42,30,29,10,Giỏi
2001,Nữ,15.95,1,0,1,2,6.51,2.9,37,33,11,Khá
2001,Nam,14.55,1,1,0,2,7.6,2.56,26,1,0,Khá
2001,Nam,27.6,1,1,0,1,7.75,3.12,22,19,6,Khá
2001,Nam,23.88,1,1,0,0,7.58,2.38,25,24,8,Khá
2001,Nam,27.8,0,0,0,1,9.48,1.24,23,3,1,Xuất Sắc
2001,Nam,26.41,0,1,1,0,7.53,1.31,22,14,5,Khá
2001,Nam,23.73,1,0,0,2,5.7,3.48,35,24,8,Trung Bình
2001,Nữ,15.8,0,0,1,2,8.01,1.77,26,9,3,Giỏi
2001,Nam,27.54,1,0,1,1,8.79,1.41,36,21,7,Giỏi
2001,Nam,25.67,0,1,1,2,4.12,2.16,31,15,5,Yếu
2001,Nam,17.75,1,1,0,2,8.07,3.21,36,30,10,Giỏi
2001,Nam,14.62,1,0,1,0,9.98,2.92,24,14,5,Xuất Sắc
2001,Nam,14.09,1,0,0,0,5.54,3.09,26,5,2,Trung Bình
2001,Nam,15.98,1,0,0,2,6.46,2.95,24,2,1,Trung Bình
2001,Nữ,14.67,1,1,1,0,7.87,2.32,20,11,4,Khá
2001,Nữ,14.68,0,1,1,2,9.61,1.12,31,27,9,Xuất Sắc
2001,Nữ,25.51,1,1,0,1,9.79,1.17,21,21,7,Xuất Sắc
2001,Nam,12.63,0,0,1,2,7.87,2.43,26,24,8,Khá
2001,Nam,26.94,0,0,1,2,6.43,2.99,36,21,7,Trung Bình
2001,Nam,12.67,0,0,0,2,8.7,1.95,26,15,5,Giỏi
2001,Nữ,27.79,1,1,0,0,6.22,2.97,27,20,7,Trung Bình
2001,Nam,27.52,0,0,0,0,9.15,1.58,23,12,4,Xuất Sắc
2001,Nữ,22.76,1,0,0,1,8.59,3.73,36,9,3,Giỏi
2001,Nam,23.08,1,1,0,0,8.1,3.53,20,5,2,Giỏi
2001,Nam,21.89,1,1,0,1,4.72,3.27,29,1,0,Yếu
2001,Nam,21.07,1,1,1,0,5.01,2.74,24,6,2,Trung Bình
2001,Nam,17.23,1,1,1,0,9.09,2.06,39,25,8,Xuất Sắc
2001,Nam,24.2,1,0,0,1,9.02,3.03,26,11,4,Xuất Sắc
2001,Nữ,13.92,0,1,0,0,7.07,1.55,23,15,5,Khá
2001,Nam,20.71,1,1,1,0,7.63,1.32,36,35,12,Khá
2001,Nữ,19.18,0,0,0,2,8.03,1.17,22,20,7,Giỏi
2001,Nữ,18.08,1,1,1,1,9.77,1.5,32,3,1,Xuất Sắc
2001,Nữ,20.31,0,0,0,0,7.79,1.53,24,12,4,Khá
2001,Nữ,20.4,0,0,1,1,6.61,1.28,22,4,1,Khá
2001,Nam,16.11,1,1,1,0,5.23,3.39,23,22,7,Trung Bình
2001,Nữ,19.74,0,1,0,0,5.32,1.39,25,17,6,Trung Bình
2001,Nữ,22.13,0,0,1,1,8.45,1.5,37,34,11,Giỏi
2001,Nam,26.15,0,0,0,1,8.34,2.97,23,0,0,Giỏi
2001,Nữ,21.39,0,0,1,2,8.81,3.06,34,32,11,Giỏi
2001,Nữ,12.38,1,1,1,2,9.2,2.15,37,0,0,Xuất Sắc
2001,Nam,15.71,0,1,1,0,9.93,1.93,37,33,11,Xuất Sắc
2001,Nữ,18.25,1,0,1,1,6.9,3.29,37,37,12,Khá
2001,Nam,21.51,0,1,1,1,9.92,3.81,39,38,13,Xuất Sắc
2001,Nam,14.18,0,0,0,0,7.23,3.62,27,25,8,Khá
2001,Nam,18.85,0,1,1,2,4.58,1.2,30,25,8,Yếu
2001,Nữ,13.67,1,0,0,0,5.41,1.77,30,13,4,Trung Bình
2001,Nữ,16.39,1,0,1,0,8.97,2.13,20,3,1,Giỏi
2001,Nam,17.68,0,0,0,1,7.33,2.79,37,29,10,Khá
2001,Nam,17.33,0,0,1,2,5.79,3.75,35,21,7,Trung Bình
2001,Nữ,18.39,1,0,1,1,9.61,1.17,29,13,4,Xuất Sắc
2001,Nam,13.43,1,0,0,1,6.36,3.2,39,28,9,Trung Bình
2001,Nữ,16.85,0,0,1,1,8.78,3.99,39,3,1,Giỏi
2001,Nữ,17.76,0,0,0,0,7.87,3.45,23,8,3,Khá
2001,Nam,18.35,0,0,0,2,6.48,2.23,28,21,7,Trung Bình
2001,Nữ,13.86,1,0,0,2,4.85,3.21,34,3,1,Yếu
2001,Nam,18.09,0,1,0,2,4.65,2.52,35,13,4,Yếu
2001,Nữ,23.12,0,0,0,1,9.51,1.06,36,20,7,Xuất Sắc
2001,Nam,25.16,1,0,1,0,4.41,1.02,34,22,7,Yếu
2001,Nam,25.79,1,0,0,0,5.88,3.15,37,8,3,Trung Bình
2001,Nam,26.76,1,1,1,0,7.81,2.33,30,30,10,Khá
2001,Nam,24.24,1,0,1,0,7.58,3.44,24,12,4,Khá
2001,Nam,12.41,0,1,0,2,7.86,1.77,20,11,4,Khá
2001,Nữ,16.99,1,0,1,2,6.81,2.88,20,18,6,Khá
2001,Nữ,13.69,0,1,1,2,4.66,2.44,34,27,9,Yếu
2001,Nam,13,1,0,1,1,9.56,1.3,23,2,1,Xuất Sắc
2001,Nam,20.43,0,0,1,2,7.32,3.78,35,34,11,Khá
2001,Nữ,15.11,0,0,1,1,5.97,3.95,25,20,7,Trung Bình
2001,Nam,18.66,1,0,0,1,9.29,2.94,37,25,8,Xuất Sắc
2001,Nam,15.44,0,0,1,1,6.54,1.24,29,9,3,Khá
2001,Nữ,19.81,1,0,0,2,9.09,1.06,20,11,4,Xuất Sắc
2001,Nam,19.35,1,1,0,2,9.07,3.48,30,4,1,Xuất Sắc
2001,Nữ,24.56,0,0,1,0,6.37,1.44,36,25,8,Trung Bình
2001,Nam,17.05,1,1,0,1,6.7,1.13,33,5,2,Khá
2001,Nam,16.07,1,0,1,1,7.81,2.11,22,21,7,Khá
2001,Nữ,26.43,1,0,1,2,7.27,2.2,28,19,6,Khá
2001,Nữ,13.07,1,1,1,1,8.29,1.26,36,34,11,Giỏi
2001,Nữ,14.4,0,1,0,1,6.56,3.48,39,8,3,Khá
2001,Nữ,22.88,0,0,0,0,7.15,3.42,21,12,4,Khá
2001,Nữ,13.31,0,0,0,1,7.89,2.5,35,35,12,Khá
2001,Nữ,21.99,1,0,1,1,5.97,3.3,31,3,1,Trung Bình
2001,Nữ,15.59,0,0,0,0,7.36,2.64,23,4,1,Khá
2001,Nam,15.85,0,0,0,1,9.58,1.27,26,18,6,Xuất Sắc
2001,Nam,13.94,0,0,1,0,7.17,1.79,36,5,2,Khá
2001,Nam,26.19,0,0,1,0,4.32,1.39,38,29,10,Yếu
2001,Nam,25.78,1,1,0,0,7.19,2.07,35,34,11,Khá
2001,Nữ,27,1,0,1,2,7.74,3.1,28,21,7,Khá
2001,Nữ,14.11,0,1,1,1,7.17,2.52,28,2,1,Khá
2001,Nữ,23.62,1,0,1,1,6.01,3.44,32,12,4,Trung Bình
2001,Nữ,20.13,1,0,1,0,6.63,2.42,24,24,8,Khá
2001,Nam,25.97,0,1,0,0,9.6,2.21,29,13,4,Xuất Sắc
2001,Nữ,27.87,1,1,0,0,9.52,1.32,31,13,4,Xuất Sắc
2001,Nam,17.69,1,1,1,1,5.42,2.63,37,0,0,Trung Bình
2001,Nữ,20.87,1,0,0,0,6.57,2.07,34,1,0,Khá
2001,Nam,12.56,0,0,1,1,9.02,2.13,36,0,0,Xuất Sắc
2001,Nam,23.13,0,0,0,2,4.24,3.62,24,3,1,Yếu
2001,Nữ,17.69,1,0,1,2,7.43,1.96,22,21,7,Khá
2001,Nam,24.71,0,1,0,2,5.99,3.72,34,23,8,Trung Bình
2001,Nam,19.7,0,0,1,1,6.2,2.48,39,1,0,Trung Bình
2001,Nữ,22.28,0,0,1,1,4.6,1.25,27,21,7,Yếu
2001,Nữ,20.98,1,0,0,0,9.82,3.93,27,19,6,Xuất Sắc
2001,Nữ,21.66,0,1,1,2,7.6,3.77,34,2,1,Khá
2001,Nam,22.82,0,0,0,0,8.21,2.63,31,6,2,Giỏi
2001,Nam,25.2,0,1,0,1,6.73,2.98,39,11,4,Khá
2001,Nam,20.28,1,1,1,2,9.48,3.41,28,28,9,Xuất Sắc
2001,Nam,14.36,0,0,1,2,7.28,2.53,35,2,1,Khá
2001,Nữ,21.76,1,0,1,2,7.39,2.88,20,1,0,Khá
2001,Nam,17.56,0,1,1,2,8.79,1.47,35,17,6,Giỏi
2001,Nam,20.96,1,0,1,2,5.83,3.11,22,6,2,Trung Bình
2001,Nữ,19.42,0,1,1,2,5.31,1.37,26,14,5,Trung Bình
2001,Nam,17.59,1,1,1,0,6.36,3.32,30,29,10,Trung Bình
2001,Nam,25.6,1,0,1,2,6.46,1.52,32,12,4,Trung Bình
2001,Nữ,15.22,1,0,1,2,7.49,2.82,32,29,10,Khá
2001,Nam,20.31,0,0,0,1,6.32,2.39,23,20,7,Trung Bình
2001,Nam,16,0,0,0,1,"7,46","3,03",32,0,0,Khá
2002,Nam,18.84,1,0,1,1,4.97,3.59,29,16,5,Yếu
2002,Nam,15.49,1,1,1,1,6.71,2.65,38,2,1,Khá
2002,Nữ,27.2,0,0,0,0,6.13,2.25,34,30,10,Trung Bình
2002,Nữ,21.81,0,0,0,2,6.65,2.54,24,2,1,Khá
2002,Nữ,27.08,1,0,0,2,9.64,1.91,35,0,0,Xuất Sắc
2002,Nữ,14.98,1,1,0,0,6.41,1.5,21,17,6,Trung Bình
2002,Nam,26.14,0,1,0,1,8.41,2.46,29,14,5,Giỏi
2002,Nữ,24.95,0,1,1,2,8.53,3.29,21,14,5,Giỏi
2002,Nam,13.39,0,1,1,1,4.48,2.61,37,21,7,Yếu
2002,Nữ,19.69,1,0,0,1,4.24,3.88,26,7,2,Yếu
2002,Nam,24.76,1,1,0,2,9.7,2.74,27,21,7,Xuất Sắc
2002,Nữ,14.06,1,0,0,0,6.66,3.43,29,29,10,Khá
2002,Nữ,24.18,1,0,0,0,7.75,3.93,36,23,8,Khá
2002,Nữ,20.66,0,0,0,2,7.43,3.56,36,15,5,Khá
2002,Nữ,22.12,1,0,1,1,7.63,1.68,26,17,6,Khá
2002,Nam,16.82,1,0,0,1,6.65,2.11,31,13,4,Khá
2002,Nam,13.08,0,0,1,1,5.11,1.51,32,17,6,Trung Bình
2002,Nam,17.53,0,0,0,1,6.32,2.04,25,25,8,Trung Bình
2002,Nữ,19.13,1,1,1,1,9.76,2.34,28,18,6,Xuất Sắc
2002,Nữ,14.42,0,1,0,1,4.74,1.73,20,14,5,Yếu
2002,Nam,18.55,1,1,0,1,6.29,1.96,33,3,1,Trung Bình
2002,Nữ,22.43,1,0,1,2,7.85,1.15,30,7,2,Khá
2002,Nữ,12.52,0,0,0,0,5.42,3.95,24,11,4,Trung Bình
2002,Nam,14,0,0,1,2,6.85,3.03,33,25,8,Khá
2002,Nam,15.21,1,0,0,0,5.68,3.22,31,19,6,Trung Bình
2002,Nam,21.31,0,1,1,2,9.96,1.09,35,5,2,Xuất Sắc
2002,Nữ,16.97,0,1,0,2,8.98,1.65,36,3,1,Giỏi
2002,Nữ,12.19,1,0,0,1,6.4,3.86,39,28,9,Trung Bình
2002,Nam,24.48,1,1,0,1,7.47,1.72,28,14,5,Khá
2002,Nữ,13.68,1,1,0,2,9.2,3.11,31,25,8,Xuất Sắc
2002,Nam,22.18,1,0,0,2,6.15,3.08,30,17,6,Trung Bình
2002,Nữ,23.43,0,1,0,1,8.45,3.96,33,5,2,Giỏi
2002,Nam,24.64,1,1,0,2,8.41,2.51,39,32,11,Giỏi
2002,Nữ,22.88,1,1,0,1,7.13,3.42,32,16,5,Khá
2002,Nam,23.63,0,1,0,1,9.34,2.94,25,20,7,Xuất Sắc
2002,Nữ,25.97,0,1,0,1,7.33,1.49,38,7,2,Khá
2002,Nam,26.54,1,0,1,1,4.08,1.34,35,22,7,Yếu
2002,Nam,24.89,0,0,0,1,6.36,2.28,26,11,4,Trung Bình
2002,Nam,21.37,1,0,0,0,4.78,2.41,34,30,10,Yếu
2002,Nam,20.25,1,0,0,2,6.04,1.23,26,19,6,Trung Bình
2002,Nam,15.23,1,1,1,2,9.25,1.73,21,12,4,Xuất Sắc
2002,Nữ,14.83,1,1,0,1,9.67,1.15,28,12,4,Xuất Sắc
2002,Nam,22.42,0,0,0,2,9.67,2.72,37,27,9,Xuất Sắc
2002,Nam,18.51,1,0,1,1,8.07,1.08,24,1,0,Giỏi
2002,Nữ,18.47,1,1,1,2,6.85,1.62,25,21,7,Khá
2002,Nam,22.68,1,1,0,1,6.3,1.38,32,14,5,Trung Bình
2002,Nam,17.19,1,1,1,1,8.97,2.74,35,34,11,Giỏi
2002,Nam,18.34,1,0,0,2,8.26,3.34,35,1,0,Giỏi
2002,Nam,17.97,1,1,1,2,6.18,3.55,20,18,6,Trung Bình
2002,Nam,15.64,1,0,0,2,9.28,1.86,21,14,5,Xuất Sắc
2002,Nam,22.69,1,0,0,2,6.45,3.87,37,32,11,Trung Bình
2002,Nam,12.41,0,1,1,2,5.49,2.48,33,31,10,Trung Bình
2002,Nam,17.46,0,0,0,2,9.65,3.74,22,15,5,Xuất Sắc
2002,Nữ,21.77,1,1,0,2,6.51,1.51,37,14,5,Khá
2002,Nữ,14.9,1,1,1,1,9.97,1.91,25,10,3,Xuất Sắc
2002,Nam,27.41,0,1,1,0,6.51,1.42,31,7,2,Khá
2002,Nam,25.16,0,1,1,1,9.97,3.97,34,24,8,Xuất Sắc
2002,Nam,22.27,0,1,0,0,4.06,2.89,37,23,8,Yếu
2002,Nữ,20.75,1,1,0,2,6.76,2.31,34,7,2,Khá
2002,Nữ,19.95,0,0,0,2,8.53,3.82,28,23,8,Giỏi
2002,Nam,18.47,0,0,1,2,9.15,1.76,21,0,0,Xuất Sắc
2002,Nam,23.59,1,1,0,2,8.91,3.16,20,7,2,Giỏi
2002,Nữ,24.81,1,1,1,0,9.26,1.81,23,4,1,Xuất Sắc
2002,Nam,20.64,0,0,0,2,6.96,4,30,25,8,Khá
2002,Nam,22.71,0,0,1,0,5.79,2.51,25,23,8,Trung Bình
2002,Nam,23.04,1,0,1,0,8.93,2.13,26,1,0,Giỏi
2002,Nữ,15.21,1,1,0,0,7.27,1.27,29,15,5,Khá
2002,Nữ,13.55,0,0,1,2,9.73,3.94,22,18,6,Xuất Sắc
2002,Nam,17.56,0,1,1,2,5.01,1.5,29,5,2,Trung Bình
2002,Nam,24.73,1,0,1,2,4.08,3.46,31,10,3,Yếu
2002,Nam,26.83,1,0,1,2,9.33,3.79,29,21,7,Xuất Sắc
2002,Nữ,20.34,0,0,0,1,5.73,2.34,26,10,3,Trung Bình
2002,Nữ,24.08,1,0,1,1,7.27,1.52,28,18,6,Khá
2002,Nữ,16.21,0,1,0,2,8.44,2.42,38,31,10,Giỏi
2002,Nữ,20.86,0,1,0,1,4.52,2.79,23,16,5,Yếu
2002,Nữ,26.71,0,0,1,0,9.72,1.43,30,28,9,Xuất Sắc
2002,Nữ,26.89,0,0,0,2,9.69,1.63,35,2,1,Xuất Sắc
2002,Nữ,18.45,0,1,1,2,4.88,1.43,38,1,0,Yếu
2002,Nữ,14.78,0,1,1,0,9.63,1.03,24,8,3,Xuất Sắc
2002,Nữ,18.38,0,1,0,1,4.79,1.71,32,21,7,Yếu
2002,Nam,13.09,1,1,1,1,5.8,2.25,35,3,1,Trung Bình
2002,Nữ,20.1,1,1,1,2,8.81,2.08,29,16,5,Giỏi
2002,Nam,19.03,1,0,1,1,5.08,3.99,28,0,0,Trung Bình
2002,Nữ,22.4,1,1,1,0,4.15,3.4,28,5,2,Yếu
2002,Nữ,12.92,0,1,0,1,4.48,1.74,28,12,4,Yếu
2002,Nam,27.95,0,1,1,2,9.79,2.34,34,28,9,Xuất Sắc
2002,Nam,21.84,0,1,1,1,8.45,1.66,23,9,3,Giỏi
2002,Nam,21.98,1,0,1,1,9.31,2.22,23,17,6,Xuất Sắc
2002,Nam,14.09,0,1,0,2,5.17,2.26,35,14,5,Trung Bình
2002,Nữ,26.19,1,1,0,2,5,2.55,38,13,4,Trung Bình
2002,Nam,18.63,1,1,1,2,8.56,1.86,24,15,5,Giỏi
2002,Nữ,20.56,1,1,0,1,9.52,3.68,39,8,3,Xuất Sắc
2002,Nữ,27.61,1,1,0,0,6.67,3.96,33,14,5,Khá
2002,Nam,23.8,0,1,0,0,9.65,2.02,34,32,11,Xuất Sắc
2002,Nam,26.27,0,0,1,1,4.31,1.48,36,12,4,Yếu
2002,Nam,26.32,0,0,1,2,6.9,2.45,37,32,11,Khá
2002,Nam,22.19,1,1,0,0,5.3,3.69,24,19,6,Trung Bình
2002,Nữ,20.2,0,0,0,0,9.39,1.6,28,27,9,Xuất Sắc
2002,Nam,12.67,0,1,1,2,8.24,3.55,24,17,6,Giỏi
2002,Nam,13.14,0,1,0,1,5.24,1.45,22,17,6,Trung Bình
2002,Nam,12.19,0,0,1,2,4.01,2.61,28,8,3,Yếu
2002,Nam,22.58,0,1,1,2,4.92,1.04,37,16,5,Yếu
2002,Nam,13.57,1,1,0,2,8.39,3,29,14,5,Giỏi
2002,Nam,15.29,0,0,1,1,7.58,1.45,29,12,4,Khá
2002,Nam,22.3,0,0,1,1,6.04,2.84,38,21,7,Trung Bình
2002,Nam,21.63,0,1,0,0,4.99,3.41,37,32,11,Yếu
2002,Nữ,21.32,1,0,1,1,8.24,3.45,37,3,1,Giỏi
2002,Nam,23.97,0,0,1,0,7.21,3.94,29,23,8,Khá
2002,Nam,14.05,0,0,0,1,5.27,3.26,33,27,9,Trung Bình
2002,Nữ,27.09,1,1,0,0,8.32,1.3,35,8,3,Giỏi
2002,Nữ,25.06,1,1,1,1,5.82,2.87,30,24,8,Trung Bình
2002,Nữ,14.84,0,0,0,2,7.55,1.38,21,5,2,Khá
2002,Nam,20.72,0,0,0,0,5.15,2.28,21,3,1,Trung Bình
2002,Nữ,25.08,0,1,0,0,7.12,3.81,21,13,4,Khá
2002,Nam,21.45,0,0,1,1,7.95,2.48,27,7,2,Khá
2002,Nam,12.15,1,1,0,1,4.22,3.38,30,0,0,Yếu
2002,Nữ,13.59,1,1,0,2,4.07,1.72,32,10,3,Yếu
2002,Nam,18.42,1,0,1,2,7.32,3.85,36,5,2,Khá
2002,Nam,24.8,1,0,1,0,8.44,1.92,35,14,5,Giỏi
2002,Nữ,20.88,0,1,1,2,4.51,2.38,21,18,6,Yếu
2002,Nam,21.86,1,0,0,2,7.11,1.11,28,27,9,Khá
2002,Nam,24.54,1,0,1,1,6.9,2.66,39,37,12,Khá
2002,Nữ,17.89,0,1,1,0,9,2.02,36,26,9,Xuất Sắc
2002,Nam,13.49,1,1,0,0,5.89,1.38,33,28,9,Trung Bình
2002,Nam,24.88,1,0,1,0,5.71,1.81,35,17,6,Trung Bình
2002,Nữ,24.62,0,1,0,0,6.91,4,31,9,3,Khá
2002,Nữ,19.04,1,0,1,0,7.66,3.36,32,0,0,Khá
2002,Nam,17.25,0,1,1,0,5.5,1.9,25,9,3,Trung Bình
2002,Nữ,18.94,1,1,0,2,6.06,1.45,29,23,8,Trung Bình
2002,Nữ,21.57,0,0,1,2,7.09,3.27,38,4,1,Khá
2002,Nữ,22.28,0,1,1,1,6.26,1.31,32,14,5,Trung Bình
2002,Nam,21.15,1,1,0,0,8.6,3.63,39,8,3,Giỏi
2002,Nữ,21.4,0,0,1,2,6.44,3.35,34,6,2,Trung Bình
2002,Nam,16.78,1,0,1,2,8.56,1.19,30,25,8,Giỏi
2002,Nam,19.33,1,1,0,1,4.24,1.9,35,31,10,Yếu
2002,Nam,23.67,0,0,1,0,5.22,1.17,34,25,8,Trung Bình
2002,Nam,24.02,0,1,0,0,4.21,3.51,34,10,3,Yếu
2002,Nam,27.31,1,1,1,2,8.9,2.58,34,3,1,Giỏi
2002,Nữ,16.51,0,1,0,1,7.23,1.59,33,18,6,Khá
2002,Nam,15.95,0,0,0,1,6.33,2.78,33,10,3,Trung Bình
2002,Nam,26.5,0,1,1,2,8.98,1.63,31,7,2,Giỏi
2002,Nữ,15.99,1,1,0,2,4.8,1.35,30,8,3,Yếu
2002,Nữ,13.05,0,1,1,2,6.18,1.89,20,0,0,Trung Bình
2002,Nam,20.52,0,0,1,1,9.58,3.81,27,18,6,Xuất Sắc
2002,Nữ,18.58,1,0,0,1,5.23,3.08,35,1,0,Trung Bình
2002,Nữ,13.83,0,1,1,0,7.65,3.41,36,11,4,Khá
2002,Nữ,13.08,1,1,0,0,4.34,2.88,24,6,2,Yếu
2002,Nữ,23.33,1,0,0,0,7.5,1.36,22,17,6,Khá
2003,Nữ,15.71,0,0,1,2,8.88,3.57,30,29,10,Giỏi
2003,Nam,20.2,1,1,1,0,4.91,1.89,25,8,3,Yếu
2003,Nữ,15.69,1,1,1,0,6.86,3.34,30,2,1,Khá
2003,Nam,27.51,1,1,0,0,4.98,3.96,20,7,2,Yếu
2003,Nữ,20.59,1,0,0,0,7.4,1.12,38,22,7,Khá
2003,Nam,21.49,1,1,1,1,9.45,1.07,20,8,3,Xuất Sắc
2003,Nữ,13.46,1,0,1,2,5.78,1.4,39,36,12,Trung Bình
2003,Nam,15.52,1,0,1,2,4.75,3.78,21,18,6,Yếu
2003,Nam,25.88,0,0,1,0,4.52,2.32,31,5,2,Yếu
2003,Nữ,24.04,1,0,0,0,6.29,3.9,35,30,10,Trung Bình
2003,Nam,14.54,1,1,0,0,4.33,3.83,28,1,0,Yếu
2003,Nam,26.09,0,0,0,1,7.6,2,20,0,0,Khá
2003,Nam,25.21,1,0,1,2,5.3,1.02,24,11,4,Trung Bình
2003,Nữ,12.1,0,1,0,1,7.33,1.77,33,15,5,Khá
2003,Nam,21.87,0,0,1,1,7.79,3.08,29,23,8,Khá
2003,Nữ,16.16,0,0,0,0,6.48,1.86,28,11,4,Trung Bình
2003,Nam,13.71,0,1,1,0,5.32,1.51,29,29,10,Trung Bình
2003,Nam,27.21,0,0,0,0,4.76,3.6,34,29,10,Yếu
2003,Nam,18.72,1,0,0,2,6.15,1.74,31,10,3,Trung Bình
2003,Nữ,15.68,0,1,1,2,4.46,3.06,32,1,0,Yếu
2003,Nữ,27.49,0,0,0,0,4.14,1.95,38,1,0,Yếu
2003,Nữ,18.88,0,0,0,0,4.44,2.79,29,26,9,Yếu
2003,Nữ,21.6,1,1,0,1,8.79,2.86,38,19,6,Giỏi
2003,Nam,12.63,0,1,1,1,9,1.64,23,17,6,Xuất Sắc
2003,Nam,15.87,0,0,0,1,4.36,1.65,36,8,3,Yếu
2003,Nữ,20.95,0,0,0,1,7.12,1.72,31,23,8,Khá
2003,Nữ,12.16,1,1,0,2,9.98,1.2,26,0,0,Xuất Sắc
2003,Nữ,18.35,0,1,0,1,9.28,2.08,22,9,3,Xuất Sắc
2003,Nam,15.2,1,1,1,2,8.02,1.03,35,11,4,Giỏi
2003,Nam,12.83,0,0,1,0,6.83,1.88,39,39,13,Khá
2003,Nữ,25.94,0,0,0,2,5.26,3.08,35,26,9,Trung Bình
2003,Nam,25.08,0,0,1,2,7.4,2.7,37,21,7,Khá
2003,Nữ,23.71,1,1,1,1,6.93,2.74,20,20,7,Khá
2003,Nữ,25.95,0,0,0,0,7.08,1.15,36,12,4,Khá
2003,Nam,22.41,1,0,1,0,7.3,1.32,39,34,11,Khá
2003,Nữ,19.4,1,1,0,0,9.17,3.5,29,12,4,Xuất Sắc
2003,Nam,17.53,0,0,0,0,6.58,1.1,34,31,10,Khá
2003,Nam,19.79,1,1,1,2,5.84,3.39,27,25,8,Trung Bình
2003,Nam,16.43,1,0,0,0,7.69,3.63,38,2,1,Khá
2003,Nữ,21.48,0,1,0,1,4.49,2.58,38,22,7,Yếu
2003,Nam,23.45,1,1,1,2,8.87,1.23,39,28,9,Giỏi
2003,Nữ,20.32,1,1,0,1,5.43,3.47,23,11,4,Trung Bình
2003,Nữ,19.59,0,1,0,1,8.15,2.38,32,31,10,Giỏi
2003,Nam,13.95,0,1,0,0,8.47,2.07,32,4,1,Giỏi
2003,Nữ,14.37,0,0,1,0,9.46,1.38,25,8,3,Xuất Sắc
2003,Nam,27.44,0,1,1,0,8.51,1.12,32,20,7,Giỏi
2003,Nam,27.23,0,0,1,1,9.08,3.61,21,3,1,Xuất Sắc
2003,Nữ,22.67,0,0,1,1,6.92,3.46,38,38,13,Khá
2003,Nữ,16.93,1,1,0,0,5.9,3.52,30,19,6,Trung Bình
2003,Nam,25.89,1,1,1,0,8.14,3.28,26,8,3,Giỏi
2003,Nam,12.49,1,1,1,0,9.17,1.56,20,20,7,Xuất Sắc
2003,Nữ,23.03,0,0,0,1,9.71,1.17,24,15,5,Xuất Sắc
2003,Nữ,22.82,0,1,0,0,5.97,2.76,39,6,2,Trung Bình
2003,Nữ,15.45,1,1,0,2,7.97,3.52,20,18,6,Khá
2003,Nữ,22.54,1,0,0,0,8.51,1.05,39,39,13,Giỏi
2003,Nam,18.3,0,1,0,0,8.87,1.15,22,17,6,Giỏi
2003,Nam,22.53,1,0,0,2,9.15,1.98,33,6,2,Xuất Sắc
2003,Nam,25.93,1,1,1,0,5.51,3.21,36,25,8,Trung Bình
2003,Nữ,12.09,0,0,0,1,6.77,3.44,33,3,1,Khá
2003,Nam,17.86,1,1,0,0,8.98,2.85,33,10,3,Giỏi
2003,Nam,23.13,0,0,1,2,4.63,3.11,39,38,13,Yếu
2003,Nữ,21.66,0,1,0,0,4.68,1.94,29,17,6,Yếu
2003,Nữ,23.49,1,0,1,0,6.21,1.7,31,28,9,Trung Bình
2003,Nam,15.13,0,0,1,1,7.12,2.78,27,26,9,Khá
2003,Nữ,26.37,1,0,1,0,7.03,2.34,30,1,0,Khá
2003,Nữ,20.63,0,0,1,0,8.92,2.97,20,5,2,Giỏi
2003,Nam,20.8,0,0,1,1,9.49,1.59,31,13,4,Xuất Sắc
2003,Nữ,12.69,0,1,0,2,9.06,1.29,29,13,4,Xuất Sắc
2003,Nam,25.44,0,0,1,0,6.09,1.8,28,9,3,Trung Bình
2003,Nam,16.4,1,1,1,2,4.21,3.5,25,25,8,Yếu
2003,Nam,18.78,1,0,0,0,5.4,1.49,22,11,4,Trung Bình
2003,Nam,21.98,0,1,1,1,4.23,3.94,22,9,3,Yếu
2003,Nam,23.79,0,0,0,1,6.67,3.4,39,28,9,Khá
2003,Nữ,15.47,0,1,1,2,7.05,3.34,25,10,3,Khá
2003,Nữ,23.12,1,0,0,1,9.95,3.21,39,28,9,Xuất Sắc
2003,Nữ,23.48,0,0,0,0,8.24,1.8,26,2,1,Giỏi
2003,Nam,13.37,0,1,1,0,5.85,1.44,21,20,7,Trung Bình
2003,Nam,26.08,1,1,0,1,5.98,1.63,32,4,1,Trung Bình
2003,Nữ,21,0,0,1,1,4.42,1.3,30,19,6,Yếu
2003,Nam,27.32,0,1,0,2,9.46,1.82,24,24,8,Xuất Sắc
2003,Nữ,22.64,0,1,1,2,9.12,3.96,33,4,1,Xuất Sắc
2003,Nam,20.64,0,0,1,0,5.2,2.49,21,7,2,Trung Bình
2003,Nữ,21.98,1,1,1,0,6.26,3.13,26,18,6,Trung Bình
2003,Nam,24.51,0,1,0,2,5.01,1.21,36,3,1,Trung Bình
2003,Nam,23.34,1,0,1,0,5.86,2.08,20,18,6,Trung Bình
2003,Nữ,12.58,1,0,1,2,7.02,2.6,28,1,0,Khá
2003,Nữ,21.61,1,1,1,2,5.64,2.89,31,11,4,Trung Bình
2003,Nam,20.25,0,1,0,1,9.73,2.25,29,17,6,Xuất Sắc
2003,Nam,15.34,1,0,1,1,6.35,1.71,38,13,4,Trung Bình
2003,Nữ,15.46,0,0,1,1,6.06,2.7,22,16,5,Trung Bình
2003,Nam,14.28,0,0,1,1,9.46,2.6,25,12,4,Xuất Sắc
2003,Nữ,14.19,0,0,0,0,8.46,2.84,23,21,7,Giỏi
2003,Nữ,20.77,1,0,0,2,8.57,1.72,29,19,6,Giỏi
2003,Nữ,13.57,1,0,0,1,6.6,1.7,32,16,5,Khá
2003,Nữ,17.19,1,1,1,0,8.76,3.9,35,16,5,Giỏi
2003,Nữ,25.45,0,1,0,2,5.12,3.31,36,33,11,Trung Bình
2003,Nam,16.74,1,0,1,1,7.98,3.88,30,2,1,Khá
2003,Nam,13.94,0,0,1,0,6.36,2.94,33,22,7,Trung Bình
2003,Nữ,24.39,0,1,0,1,9.13,3.62,37,27,9,Xuất Sắc
2003,Nam,24.99,0,1,1,1,7.81,2.51,21,11,4,Khá
2003,Nữ,26.85,0,1,1,2,5.93,2.64,29,16,5,Trung Bình
2003,Nam,15.16,0,0,1,1,5.55,3.62,38,28,9,Trung Bình
2003,Nam,25.54,0,1,1,2,7.39,3.37,27,3,1,Khá
2003,Nam,24.42,1,1,1,1,9.54,3.6,34,14,5,Xuất Sắc
2003,Nam,12.69,1,0,1,0,7.61,3.28,32,25,8,Khá
2003,Nam,16.76,1,0,1,1,5.66,2.47,28,20,7,Trung Bình
2003,Nam,19.38,0,1,1,1,8.42,1.72,34,10,3,Giỏi
2003,Nữ,15.95,1,0,0,2,6.85,2.46,33,32,11,Khá
2003,Nam,23.73,0,0,1,1,9.83,1.92,30,8,3,Xuất Sắc
2003,Nữ,14.38,0,1,1,0,7.46,3.13,27,7,2,Khá
2003,Nữ,19.18,0,1,1,0,4.71,2.69,23,19,6,Yếu
2003,Nam,23.55,0,0,1,2,4.27,1.61,36,23,8,Yếu
2003,Nam,21.91,0,1,1,0,7.47,3.17,39,0,0,Khá
2003,Nữ,13.23,1,0,0,0,8.55,1.8,23,11,4,Giỏi
2003,Nam,13.42,0,0,0,2,9.11,1.85,32,0,0,Xuất Sắc
2003,Nam,23.77,0,0,0,1,4.6,2.62,38,22,7,Yếu
2003,Nam,18.56,1,1,0,0,7.45,2.4,20,20,7,Khá
2003,Nam,17.35,1,1,0,1,9.4,2.46,32,12,4,Xuất Sắc
2003,Nam,25.96,0,0,1,0,8.54,3.17,31,23,8,Giỏi
2003,Nam,14.54,0,1,1,1,6.55,1.16,33,10,3,Khá
2003,Nam,13.1,0,1,1,2,9.31,2.68,39,12,4,Xuất Sắc
2003,Nam,19.8,0,1,1,2,9.63,1.41,27,17,6,Xuất Sắc
2003,Nam,13,1,0,0,2,5.99,3.09,28,0,0,Trung Bình
2003,Nữ,26.4,0,1,0,2,8.43,1.73,32,27,9,Giỏi
2003,Nam,27.7,0,1,1,0,8.81,1.78,28,3,1,Giỏi
2003,Nam,16.1,1,1,1,2,6.61,2.01,37,36,12,Khá
2003,Nam,21.74,1,1,1,2,8.54,2.05,20,1,0,Giỏi
2003,Nữ,14.42,0,1,0,1,6.67,1.46,24,24,8,Khá
2003,Nam,15.61,0,1,1,1,8.45,2.1,26,12,4,Giỏi
2003,Nữ,20.7,1,0,1,0,9.31,3.96,28,1,0,Xuất Sắc
2003,Nam,27.13,1,1,1,1,8.21,2.66,28,11,4,Giỏi
2003,Nữ,19.4,1,1,1,2,4.04,3.53,39,8,3,Yếu
2003,Nam,13,1,1,1,1,6.21,3.68,20,11,4,Trung Bình
2003,Nữ,14.64,0,1,0,0,9.19,3.39,30,17,6,Xuất Sắc
2003,Nữ,15.28,0,0,0,0,9.8,1.52,20,14,5,Xuất Sắc
2003,Nam,20,0,1,1,0,"7,5","3,04",14,0,0,Khá
2003,Nam,20.98,1,1,1,2,"8,65","3,53",15,0,0,Giỏi
2003,Nam,19,0,0,1,1,"7,66","3,09",32,0,0,Khá
2003,Nam,14,1,0,1,0,"6,98","2,82",32,0,0,Khá
2003,Nam,22,0,0,1,1,"6,6","2,44",32,0,0,Trung bình
2003,Nam,12,1,1,0,0,"7,69","3,12",32,0,0,Khá
2003,Nam,11,1,1,1,1,"6,46","2,41",32,0,0,Trung bình
2003,Nam,14,1,1,1,0,"6,31","2,26",32,0,0,Trung bình
2003,Nam,10,1,0,1,1,"7,11","2,76",32,0,0,Khá
2003,Nam,24,0,1,0,1,"7,46","3,03",32,0,0,Khá
2003,Nam,10,1,1,0,1,"6,99","2,79",32,0,0,Khá
2003,Nam,19,0,0,0,1,"7,63","3,12",32,0,0,Khá
2003,Nam,11,0,0,0,0,"5,17","1,59",32,3,1,Yếu
2003,Nam,13,0,0,0,0,"6,49","2,43",29,0,0,Trung bình
2003,Nam,"14,23",0,0,0,0,"7,3","2,93",29,0,0,Khá
2003,Nam,15,0,0,1,0,"6,97","2,82",29,0,0,Khá
2003,Nam,"12,65",0,0,0,0,"5,99","2,21",29,2,1,Trung bình
2003,Nam,"14,75",0,0,0,0,"5,17","1,59",32,3,1,Yếu
2003,Nam,17,1,1,1,1,"5,63","1,77",30,0,0,Yếu
2004,Nam,12.29,0,0,1,0,6.04,3.09,35,6,2,Trung Bình
2004,Nam,18.15,1,0,1,2,7.95,2.44,23,15,5,Khá
2004,Nữ,24.58,0,0,0,0,6.4,3.63,33,14,5,Trung Bình
2004,Nữ,26.07,1,0,1,2,6.49,2.67,29,20,7,Trung Bình
2004,Nữ,23.14,0,0,0,0,7.46,1.15,34,12,4,Khá
2004,Nữ,15.58,1,1,0,1,4.48,1.55,32,11,4,Yếu
2004,Nam,21.28,1,0,1,2,6.38,3.32,30,0,0,Trung Bình
2004,Nam,14.07,1,1,1,1,6.6,2.29,24,6,2,Khá
2004,Nam,20.81,0,1,1,0,8.97,2.3,22,15,5,Giỏi
2004,Nữ,17.96,1,0,1,2,7.78,2.17,34,26,9,Khá
2004,Nam,22.85,0,1,0,2,9.62,1.84,33,21,7,Xuất Sắc
2004,Nữ,16.27,0,0,1,0,6.89,4,27,23,8,Khá
2004,Nam,22.54,0,1,0,2,4.13,1.25,21,19,6,Yếu
2004,Nữ,17.36,1,0,1,0,4.29,3.85,25,7,2,Yếu
2004,Nam,27.7,1,0,1,2,8.71,3.2,28,17,6,Giỏi
2004,Nữ,22.11,0,0,0,2,7.59,3.99,36,24,8,Khá
2004,Nữ,22.14,0,1,1,2,9.75,2.61,22,0,0,Xuất Sắc
2004,Nam,17.47,1,1,1,1,4.36,2.81,23,8,3,Yếu
2004,Nữ,21.31,0,1,0,1,5.21,2.15,39,10,3,Trung Bình
2004,Nam,25.94,0,0,1,0,7.07,2.45,39,1,0,Khá
2004,Nam,14.08,1,0,0,0,4.87,3.43,20,2,1,Yếu
2004,Nam,27.95,1,0,0,0,4.59,2.71,21,2,1,Yếu
2004,Nữ,24.72,1,1,0,0,7.87,3.6,31,7,2,Khá
2004,Nam,22.47,1,1,0,2,4.46,2.37,34,6,2,Yếu
2004,Nữ,16.37,1,1,1,0,5.02,2.18,27,23,8,Trung Bình
2004,Nữ,26.31,1,0,0,2,7.33,2.58,32,5,2,Khá
2004,Nữ,25.83,0,0,1,0,6.94,2.16,32,4,1,Khá
2004,Nam,19.57,0,1,1,1,6.49,2.06,30,9,3,Trung Bình
2004,Nam,14.97,1,0,0,0,6.01,2.47,22,17,6,Trung Bình
2004,Nữ,24.33,0,1,1,1,9.74,1.93,26,4,1,Xuất Sắc
2004,Nữ,25.52,0,1,1,1,7.6,3.92,25,2,1,Khá
2004,Nam,21.87,1,1,0,1,5.07,3.04,27,8,3,Trung Bình
2004,Nữ,24.74,1,1,0,0,8.79,3.15,36,8,3,Giỏi
2004,Nữ,19.87,0,1,1,2,6.1,1.63,35,29,10,Trung Bình
2004,Nữ,13.03,0,0,1,1,8.69,3.52,33,25,8,Giỏi
2004,Nữ,16.3,0,1,1,2,5.44,3.53,27,17,6,Trung Bình
2004,Nữ,13.16,1,1,1,2,6.46,1.22,35,29,10,Trung Bình
2004,Nam,13.41,0,0,0,1,6.38,2.52,25,6,2,Trung Bình
2004,Nam,13.26,0,0,0,1,9.7,3.53,39,9,3,Xuất Sắc
2004,Nam,26.98,0,1,0,0,4.97,3.43,25,3,1,Yếu
2004,Nam,26.32,0,1,1,1,5.57,1.47,26,9,3,Trung Bình
2004,Nam,15.51,1,1,0,0,5.73,1.7,33,30,10,Trung Bình
2004,Nữ,15.19,1,0,0,1,6.44,3.33,37,34,11,Trung Bình
2004,Nam,17.94,1,0,0,0,8.5,2.92,21,16,5,Giỏi
2004,Nam,12.64,0,1,0,0,7.43,2.31,24,5,2,Khá
2004,Nam,23.6,0,1,1,1,5.48,3.07,31,11,4,Trung Bình
2004,Nữ,15.37,1,0,1,1,5.03,1.32,25,14,5,Trung Bình
2004,Nữ,19.12,0,0,1,0,7.39,3.13,33,1,0,Khá
2004,Nữ,21.49,0,0,1,0,9.59,1.83,23,18,6,Xuất Sắc
2004,Nữ,16.13,0,1,1,0,9.28,1.79,29,9,3,Xuất Sắc
2004,Nam,13.18,1,1,1,0,7,3.93,22,2,1,Khá
2004,Nữ,14.72,1,1,0,2,8.05,1.2,23,6,2,Giỏi
2004,Nam,18.89,0,0,0,1,5.88,1.39,29,3,1,Trung Bình
2004,Nam,15.29,1,1,0,2,8.38,2.92,21,1,0,Giỏi
2004,Nữ,25.41,0,0,0,1,5.99,2.31,20,11,4,Trung Bình
2004,Nữ,26.9,1,1,0,2,4.82,1.55,32,6,2,Yếu
2004,Nữ,23.82,0,1,1,1,4.32,3.23,23,15,5,Yếu
2004,Nữ,21.91,0,0,0,2,9.32,1.1,33,25,8,Xuất Sắc
2004,Nữ,19.67,0,1,1,0,5.62,1.71,32,30,10,Trung Bình
2004,Nữ,18.08,0,1,1,1,5.79,1.64,34,7,2,Trung Bình
2004,Nữ,25.01,1,1,1,1,9.85,2.94,31,13,4,Xuất Sắc
2004,Nữ,22.36,0,1,0,1,9.28,1.93,39,25,8,Xuất Sắc
2004,Nam,15.9,0,0,1,1,7.05,2.22,21,2,1,Khá
2004,Nữ,12.96,1,1,0,1,9.9,1.88,29,2,1,Xuất Sắc
2004,Nam,16.98,1,0,0,1,7.89,3.72,25,24,8,Khá
2004,Nữ,16.36,0,0,0,2,5.54,2.36,34,29,10,Trung Bình
2004,Nữ,13.71,0,0,0,1,6.07,1.31,20,6,2,Trung Bình
2004,Nữ,21.63,0,0,0,2,4.72,3.46,26,2,1,Yếu
2004,Nam,25.11,1,0,1,0,4.41,2.06,30,14,5,Yếu
2004,Nữ,21.78,0,1,1,0,4.71,3.05,32,17,6,Yếu
2004,Nam,18.58,0,1,1,1,7.07,2.89,37,35,12,Khá
2004,Nam,24.49,1,0,0,1,4.66,2.71,21,15,5,Yếu
2004,Nam,25.8,1,1,1,2,8.05,1.32,29,28,9,Giỏi
2004,Nam,27.8,1,0,0,1,5.49,1.52,21,1,0,Trung Bình
2004,Nam,23.08,0,0,0,2,6.07,3.74,25,19,6,Trung Bình
2004,Nữ,14.05,1,1,1,2,6.42,3.16,24,0,0,Trung Bình
2004,Nam,17.17,1,1,0,0,4.41,2.96,31,9,3,Yếu
2004,Nữ,20.3,1,0,1,0,6.5,1.05,20,1,0,Khá
2004,Nam,22.41,1,0,1,0,4.64,1.8,35,7,2,Yếu
2004,Nam,20.53,0,0,1,1,9.72,2.99,32,10,3,Xuất Sắc
2004,Nam,19.44,1,0,1,1,7.81,1.49,38,14,5,Khá
2004,Nam,19.21,1,1,1,1,5.48,2.89,39,15,5,Trung Bình
2004,Nam,24.1,0,0,1,1,9.16,2.25,29,19,6,Xuất Sắc
2004,Nữ,26.83,0,1,0,0,7.07,1.84,34,16,5,Khá
2004,Nam,14.04,1,1,1,1,4.96,2.08,21,9,3,Yếu
2004,Nữ,16.89,1,0,1,0,6.26,3.66,28,23,8,Trung Bình
2004,Nam,19.95,0,0,1,2,6.11,1.28,26,12,4,Trung Bình
2004,Nữ,26.05,1,1,1,2,9.89,1.49,24,1,0,Xuất Sắc
2004,Nam,17.54,1,1,0,2,9.32,2.76,27,7,2,Xuất Sắc
2004,Nữ,22.25,1,0,1,0,9.3,2.46,34,32,11,Xuất Sắc
2004,Nữ,19.36,1,1,1,0,7.66,2.48,28,21,7,Khá
2004,Nữ,23.07,1,0,0,2,5.85,2.13,33,9,3,Trung Bình
2004,Nam,16.16,1,0,0,1,6.79,3.33,20,6,2,Khá
2004,Nam,24.16,0,1,0,2,5.36,3.02,34,31,10,Trung Bình
2004,Nữ,15.86,1,1,0,1,9.77,1.74,21,3,1,Xuất Sắc
2004,Nữ,24.82,0,1,0,1,6.93,2.17,35,15,5,Khá
2004,Nam,19,0,0,0,0,6.14,1.93,29,13,4,Trung Bình
2004,Nam,12.61,0,1,0,0,8.5,3.43,34,34,11,Giỏi
2004,Nam,22.55,0,1,0,2,8.49,3.32,32,26,9,Giỏi
2004,Nam,13.36,0,1,1,0,5.51,1.87,20,17,6,Trung Bình
2004,Nam,13.15,1,0,0,0,4.74,1.15,23,19,6,Yếu
2004,Nữ,17.65,1,0,0,2,5.45,1.05,21,15,5,Trung Bình
2004,Nữ,17.6,0,1,0,2,9.03,1.13,29,2,1,Xuất Sắc
2004,Nữ,14.79,0,0,1,0,7.6,3.8,21,4,1,Khá
2004,Nữ,12.34,0,0,0,0,6.05,2.38,27,5,2,Trung Bình
2004,Nam,21.84,1,0,1,0,6.84,1.52,24,16,5,Khá
2004,Nữ,18.91,0,1,0,1,8,2.25,33,24,8,Giỏi
2004,Nữ,19.03,1,0,0,0,6.61,3.56,23,0,0,Khá
2004,Nữ,22.33,1,0,0,1,8.36,3.16,36,2,1,Giỏi
2004,Nam,26.7,1,0,0,1,7.6,1.7,30,16,5,Khá
2004,Nam,23.66,0,1,1,1,8.37,1.38,23,21,7,Giỏi
2004,Nam,15.42,0,1,0,1,5.19,2.54,27,24,8,Trung Bình
2004,Nam,25.45,0,1,0,1,5.11,2.61,35,35,12,Trung Bình
2004,Nữ,23.02,1,0,1,2,6.08,3.5,28,21,7,Trung Bình
2004,Nam,15.26,0,0,1,0,6.91,1.51,22,7,2,Khá
2004,Nữ,27.33,1,1,1,1,7.03,2.37,37,10,3,Khá
2004,Nam,16.89,1,1,1,1,4.72,1.06,22,20,7,Yếu
2004,Nữ,26.03,1,0,1,2,4.22,2.26,22,10,3,Yếu
2004,Nữ,21.49,0,1,0,2,9.06,1.16,38,29,10,Xuất Sắc
2004,Nữ,12.94,0,0,0,2,5.69,3.02,30,26,9,Trung Bình
2004,Nam,18.74,0,0,1,1,7.62,2.23,21,11,4,Khá
2004,Nam,14.95,0,0,1,0,9.28,1.5,20,15,5,Xuất Sắc
2004,Nữ,25.31,1,0,1,0,5.86,2.74,35,20,7,Trung Bình
2004,Nam,16.15,0,1,0,0,5.81,1.1,39,5,2,Trung Bình
2004,Nam,19.94,1,1,1,2,5.25,2.22,20,10,3,Trung Bình
2004,Nữ,24.25,1,1,0,0,8.61,1.43,37,14,5,Giỏi
2004,Nữ,22.51,0,0,1,1,6.67,2.54,26,14,5,Khá
2004,Nữ,16.19,0,0,1,2,9.48,1.96,25,8,3,Xuất Sắc
2004,Nam,26.99,1,0,0,1,9.9,2.21,25,24,8,Xuất Sắc
2004,Nữ,12.84,1,1,0,1,7.86,3.76,33,8,3,Khá
2004,Nữ,20.37,1,0,0,0,6.85,3.12,34,25,8,Khá
2004,Nam,13.84,1,0,0,0,5.01,1.57,24,11,4,Trung Bình
2004,Nữ,25.76,0,0,0,1,6.13,2.1,31,24,8,Trung Bình
2004,Nam,23.57,0,1,0,0,6.4,1.32,39,12,4,Trung Bình
2004,Nữ,14.65,1,0,0,0,6.52,3.73,35,28,9,Khá
2004,Nam,20.2,0,0,0,0,9.87,3.76,37,13,4,Xuất Sắc
2004,Nữ,12.83,0,0,0,2,9.46,3.22,32,27,9,Xuất Sắc
2004,Nam,24.11,1,1,0,0,6.85,1.26,33,6,2,Khá
2004,Nam,18,0,0,0,0,"6,09","2,33",30,2,1,Trung bình
2004,Nam,17,0,0,1,1,"5,75","1,87",30,5,2,Yếu
2004,Nam,22,1,1,0,0,"6,78","2,4",30,2,1,Trung bình
2004,Nam,18,1,1,1,1,"4,69","1,3",30,4,2,Yếu
2004,Nam,11,1,1,1,0,"5,33","1,6",30,0,0,Yếu
2004,Nam,18,0,0,0,1,"6,09","2,33",30,2,1,Trung bình
2004,Nam,20,1,0,1,1,"7,31","2,83",30,0,0,Khá
2004,Nam,11,0,1,0,1,"5,69","1,77",30,3,1,Yếu
2004,Nam,15,0,0,0,1,"6,21","2,17",30,0,0,Trung bình
2004,Nam,25,0,0,0,0,"8,17","3,33",30,0,0,Giỏi
2004,Nam,22,1,1,1,1,"7,71","3,13",30,0,0,Khá
2004,Nam,17,0,1,0,1,"4,68","1,2",30,5,2,Yếu
2004,Nam,19,1,1,1,1,"5,73","1,9",30,0,0,Yếu
2004,Nam,12.4,0,0,0,0,"7,71","3,13",30,0,0,Khá
2004,Nam,12.4,0,0,0,0,"7,71","3,13",30,0,0,Khá
2004,Nam,"21,25",1,0,0,0,"6,33","2,33",30,0,0,Trung bình
2004,Nam,"24,23",0,0,1,0,"7,09","2,77",30,0,0,Khá
2004,Nam,"12,25",0,0,0,1,"4,79","1,4",30,5,2,Yếu
2004,Nam,"18,5",1,1,0,0,"6,09","2,13",30,0,0,Trung bình
2004,Nam,"15,89",0,0,0,0,"6,95","2,6",30,0,0,Khá
2004,Nam,"11,58",1,1,1,1,"5,59","1,7",30,3,1,Yếu
2004,Nam ,"15,23",0,0,0,0,"6,17","2,27",30,0,0,Trung bình
2004,Nam,"14,32",0,0,0,0,"5,31","1,43",30,5,2,Yếu
2004,Nam,9,0,0,0,0,"4,67","1,33",30,5,2,Yếu
2004,Nam,"12,58",0,0,0,0,"6,84","2,67",30,0,0,Khá
2004,Nam,"14,28",1,1,1,0,"5,45","1,7",30,2,1,Yếu
2004,Nam,20,0,0,0,0,"6,14","2,17",30,0,0,Trung bình
2004,Nam ,"15,23",0,0,0,0,"6,17","2,27",30,0,0,Trung bình
2005,Nam,16.02,0,0,0,2,3.1,"0,87",15,10,4,Khá
2005,Nam,25.61,1,0,1,1,5.1,2.53,15,2,1,Khá
2005,Nam,20.37,0,1,1,2,3.1,"1,37",15,2,1,Trung bình
2005,Nam,13.84,0,1,1,2,3.1,"1,17",15,7,3,Trung bình
2005,Nam,25.76,1,1,1,2,3.1,"1,07",15,3,1,Yếu
2005,Nam,23.57,1,1,1,0,3.1,"1,33",15,5,2,Trung bình
2005,Nam,13.08,0,1,1,0,2.1,"0,88",13,3,2,Yếu
2005,Nam,23.33,0,1,0,1,2.1,"0,87",15,3,1,Yếu
2006,Nam,19.48,1,0,0,0,4.1,"1,87",15,2,1,Yếu
2006,Nam,21.81,0,0,0,2,4.1,"1,5",15,5,2,Yếu
2006,Nam,14.67,0,1,1,1,"5,94","1,93",15,5,2,Yếu
2006,Nam,27.86,1,0,0,2,"4,09","0,87",15,8,3,Yếu
2006,Nam,15.71,0,0,1,2,"4,51","1,4",15,2,0,Yếu
2006,Nam,27.08,1,0,0,2,"4,71","1,27",15,5,2,Yếu
2006,Nam,22.39,1,0,0,0,"5,14","1,53",15,2,1,Yếu
2006,Nam,21.72,0,1,1,1,"4,03","1,03",15,7,3,Yếu
2006,Nam,20.2,1,1,1,0,"3,9","1,03",15,5,2,Yếu
2006,Nam,15.69,1,1,1,0,"3,93","0,97",15,7,3,Yếu
2006,Nam,14.82,0,1,1,0,"6,01","1,97",15,2,1,Yếu
2006,Nam,15.53,1,1,1,0,"4,75","1,37",15,2,1,Yếu
2006,Nam,14.98,1,1,0,0,"4,31","0,8",15,19,4,Yếu
2006,Nam,24.47,0,1,0,1,"4,62","1,07",15,2,1,Yếu
2006,Nam,17.6,1,1,1,2,"5,98","2,17",15,2,1,Trung bình
2006,Nam,12.93,0,1,0,0,"4,84","1,37",15,4,2,Yếu
2006,Nam,27.51,1,1,0,0,"5,39","1,73",15,2,1,Yếu
2006,Nam,26.14,0,1,0,1,"5,66","1,77",15,2,1,Yếu
2006,Nam,20.73,1,1,1,2,4.1,"1,5",15,5,2,Yếu
2005,Nam,14.65,1,0,0,0,"6,49","2,23",15,3,1,Trung bình
2005,Nam,27.13,1,1,1,1,"6,49","2,23",15,3,1,Trung bình
2005,Nam,25.6,1,0,1,2,"5,71","1,97",15,2,0,Yếu
2005,Nam,22.7,0,0,0,0,"3,88","1,11",15,10,2,Yếu
2005,Nam,19.4,1,1,1,2,"4,09","1,03",15,8,0,Yếu
2005,Nam,20.73,1,1,1,2,"5,34","1,54",15,0,0,Yếu
2005,Nam,13,1,1,1,1,"4,89","1,4",15,5,1,Yếu
2005,Nam,20.2,0,0,0,0,"6,36","2,3",15,2,0,Trung bình
2005,Nam,24.9,0,1,1,2,"5,95","1,33",15,3,1,Yếu
2005,Nam,24.58,1,1,0,1,"4,37","1,17",15,7,3,Yếu
2005,Nam,22.7,0,0,0,0,"5,45","1,7",15,3,1,Yếu
2005,Nam,19.4,1,1,1,2,"5,83","1,93",15,5,2,Yếu
2005,Nam,18.59,0,1,0,1,"5,63","1,8",15,3,1,Yếu
